[
    {
        "model": "accounts.customuser",
        "pk": 1,
        "fields": {
            "password": "pbkdf2_sha256$600000$UCj0GmLR8eYdWTI9u0yxta$PQbo4kPV+eTkrqkm35P83Gmrci6pvmXJhE9JLMLi+Gg=",
            "last_login": "2023-07-14T19:18:56.171Z",
            "is_superuser": true,
            "username": "mizubuta",
            "first_name": "",
            "last_name": "",
            "email": "",
            "is_staff": true,
            "is_active": true,
            "date_joined": "2023-06-30T15:53:35.443Z",
            "code_used": null,
            "invited_by": null,
            "display_name": "MzBt",
            "bio": "",
            "groups": [],
            "user_permissions": []
        }
    },
    {
        "model": "admin.logentry",
        "pk": 1,
        "fields": {
            "action_time": "2023-07-05T19:44:32.740Z",
            "user": 1,
            "content_type": 35,
            "object_id": "1",
            "object_repr": "Hong Kong: Terence Lam Production & Co.",
            "action_flag": 1,
            "change_message": "[{\"added\": {}}]"
        }
    },
    {
        "model": "admin.logentry",
        "pk": 2,
        "fields": {
            "action_time": "2023-07-05T20:13:07.558Z",
            "user": 1,
            "content_type": 29,
            "object_id": "1",
            "object_repr": "ReadCheckIn object (1)",
            "action_flag": 3,
            "change_message": ""
        }
    },
    {
        "model": "admin.logentry",
        "pk": 3,
        "fields": {
            "action_time": "2023-07-06T14:35:08.523Z",
            "user": 1,
            "content_type": 35,
            "object_id": "3",
            "object_repr": "其後音樂股份有限公司",
            "action_flag": 3,
            "change_message": ""
        }
    },
    {
        "model": "admin.logentry",
        "pk": 4,
        "fields": {
            "action_time": "2023-07-07T06:44:26.198Z",
            "user": 1,
            "content_type": 35,
            "object_id": "4",
            "object_repr": "香港: 英皇娛樂",
            "action_flag": 2,
            "change_message": "[{\"changed\": {\"fields\": [\"Location\"]}}]"
        }
    },
    {
        "model": "admin.logentry",
        "pk": 5,
        "fields": {
            "action_time": "2023-07-07T06:44:32.580Z",
            "user": 1,
            "content_type": 35,
            "object_id": "1",
            "object_repr": "香港: Terence Lam Production & Co.",
            "action_flag": 2,
            "change_message": "[{\"changed\": {\"fields\": [\"Location\"]}}]"
        }
    },
    {
        "model": "admin.logentry",
        "pk": 6,
        "fields": {
            "action_time": "2023-07-07T12:50:05.848Z",
            "user": 1,
            "content_type": 21,
            "object_id": "4",
            "object_repr": "東京: 文藝春秋",
            "action_flag": 2,
            "change_message": "[{\"changed\": {\"fields\": [\"Location\"]}}]"
        }
    },
    {
        "model": "admin.logentry",
        "pk": 7,
        "fields": {
            "action_time": "2023-07-07T13:08:27.451Z",
            "user": 1,
            "content_type": 36,
            "object_id": "4",
            "object_repr": "拼命無恙",
            "action_flag": 2,
            "change_message": "[{\"deleted\": {\"name\": \"work role\", \"object\": \"None of \\u62fc\\u547d\\u7121\\u6059 by None\"}}, {\"deleted\": {\"name\": \"work role\", \"object\": \"None of \\u62fc\\u547d\\u7121\\u6059 by None\"}}, {\"deleted\": {\"name\": \"work role\", \"object\": \"None of \\u62fc\\u547d\\u7121\\u6059 by None\"}}]"
        }
    },
    {
        "model": "admin.logentry",
        "pk": 8,
        "fields": {
            "action_time": "2023-07-07T14:18:03.845Z",
            "user": 1,
            "content_type": 38,
            "object_id": "6",
            "object_repr": "MAROON（拼命無恙 demo）",
            "action_flag": 2,
            "change_message": "[{\"added\": {\"name\": \"track role\", \"object\": \"MAROON\\uff08\\u62fc\\u547d\\u7121\\u6059 demo\\uff09 - \\u6797\\u5bb6\\u8b19 - Singer\"}}]"
        }
    },
    {
        "model": "auth.permission",
        "pk": 1,
        "fields": {
            "name": "Can add invitation code",
            "content_type": 1,
            "codename": "add_invitationcode"
        }
    },
    {
        "model": "auth.permission",
        "pk": 2,
        "fields": {
            "name": "Can change invitation code",
            "content_type": 1,
            "codename": "change_invitationcode"
        }
    },
    {
        "model": "auth.permission",
        "pk": 3,
        "fields": {
            "name": "Can delete invitation code",
            "content_type": 1,
            "codename": "delete_invitationcode"
        }
    },
    {
        "model": "auth.permission",
        "pk": 4,
        "fields": {
            "name": "Can view invitation code",
            "content_type": 1,
            "codename": "view_invitationcode"
        }
    },
    {
        "model": "auth.permission",
        "pk": 5,
        "fields": {
            "name": "Can add user",
            "content_type": 2,
            "codename": "add_customuser"
        }
    },
    {
        "model": "auth.permission",
        "pk": 6,
        "fields": {
            "name": "Can change user",
            "content_type": 2,
            "codename": "change_customuser"
        }
    },
    {
        "model": "auth.permission",
        "pk": 7,
        "fields": {
            "name": "Can delete user",
            "content_type": 2,
            "codename": "delete_customuser"
        }
    },
    {
        "model": "auth.permission",
        "pk": 8,
        "fields": {
            "name": "Can view user",
            "content_type": 2,
            "codename": "view_customuser"
        }
    },
    {
        "model": "auth.permission",
        "pk": 9,
        "fields": {
            "name": "Can add log entry",
            "content_type": 3,
            "codename": "add_logentry"
        }
    },
    {
        "model": "auth.permission",
        "pk": 10,
        "fields": {
            "name": "Can change log entry",
            "content_type": 3,
            "codename": "change_logentry"
        }
    },
    {
        "model": "auth.permission",
        "pk": 11,
        "fields": {
            "name": "Can delete log entry",
            "content_type": 3,
            "codename": "delete_logentry"
        }
    },
    {
        "model": "auth.permission",
        "pk": 12,
        "fields": {
            "name": "Can view log entry",
            "content_type": 3,
            "codename": "view_logentry"
        }
    },
    {
        "model": "auth.permission",
        "pk": 13,
        "fields": {
            "name": "Can add permission",
            "content_type": 4,
            "codename": "add_permission"
        }
    },
    {
        "model": "auth.permission",
        "pk": 14,
        "fields": {
            "name": "Can change permission",
            "content_type": 4,
            "codename": "change_permission"
        }
    },
    {
        "model": "auth.permission",
        "pk": 15,
        "fields": {
            "name": "Can delete permission",
            "content_type": 4,
            "codename": "delete_permission"
        }
    },
    {
        "model": "auth.permission",
        "pk": 16,
        "fields": {
            "name": "Can view permission",
            "content_type": 4,
            "codename": "view_permission"
        }
    },
    {
        "model": "auth.permission",
        "pk": 17,
        "fields": {
            "name": "Can add group",
            "content_type": 5,
            "codename": "add_group"
        }
    },
    {
        "model": "auth.permission",
        "pk": 18,
        "fields": {
            "name": "Can change group",
            "content_type": 5,
            "codename": "change_group"
        }
    },
    {
        "model": "auth.permission",
        "pk": 19,
        "fields": {
            "name": "Can delete group",
            "content_type": 5,
            "codename": "delete_group"
        }
    },
    {
        "model": "auth.permission",
        "pk": 20,
        "fields": {
            "name": "Can view group",
            "content_type": 5,
            "codename": "view_group"
        }
    },
    {
        "model": "auth.permission",
        "pk": 21,
        "fields": {
            "name": "Can add content type",
            "content_type": 6,
            "codename": "add_contenttype"
        }
    },
    {
        "model": "auth.permission",
        "pk": 22,
        "fields": {
            "name": "Can change content type",
            "content_type": 6,
            "codename": "change_contenttype"
        }
    },
    {
        "model": "auth.permission",
        "pk": 23,
        "fields": {
            "name": "Can delete content type",
            "content_type": 6,
            "codename": "delete_contenttype"
        }
    },
    {
        "model": "auth.permission",
        "pk": 24,
        "fields": {
            "name": "Can view content type",
            "content_type": 6,
            "codename": "view_contenttype"
        }
    },
    {
        "model": "auth.permission",
        "pk": 25,
        "fields": {
            "name": "Can add session",
            "content_type": 7,
            "codename": "add_session"
        }
    },
    {
        "model": "auth.permission",
        "pk": 26,
        "fields": {
            "name": "Can change session",
            "content_type": 7,
            "codename": "change_session"
        }
    },
    {
        "model": "auth.permission",
        "pk": 27,
        "fields": {
            "name": "Can delete session",
            "content_type": 7,
            "codename": "delete_session"
        }
    },
    {
        "model": "auth.permission",
        "pk": 28,
        "fields": {
            "name": "Can view session",
            "content_type": 7,
            "codename": "view_session"
        }
    },
    {
        "model": "auth.permission",
        "pk": 29,
        "fields": {
            "name": "Can add revision",
            "content_type": 8,
            "codename": "add_revision"
        }
    },
    {
        "model": "auth.permission",
        "pk": 30,
        "fields": {
            "name": "Can change revision",
            "content_type": 8,
            "codename": "change_revision"
        }
    },
    {
        "model": "auth.permission",
        "pk": 31,
        "fields": {
            "name": "Can delete revision",
            "content_type": 8,
            "codename": "delete_revision"
        }
    },
    {
        "model": "auth.permission",
        "pk": 32,
        "fields": {
            "name": "Can view revision",
            "content_type": 8,
            "codename": "view_revision"
        }
    },
    {
        "model": "auth.permission",
        "pk": 33,
        "fields": {
            "name": "Can add version",
            "content_type": 9,
            "codename": "add_version"
        }
    },
    {
        "model": "auth.permission",
        "pk": 34,
        "fields": {
            "name": "Can change version",
            "content_type": 9,
            "codename": "change_version"
        }
    },
    {
        "model": "auth.permission",
        "pk": 35,
        "fields": {
            "name": "Can delete version",
            "content_type": 9,
            "codename": "delete_version"
        }
    },
    {
        "model": "auth.permission",
        "pk": 36,
        "fields": {
            "name": "Can view version",
            "content_type": 9,
            "codename": "view_version"
        }
    },
    {
        "model": "auth.permission",
        "pk": 37,
        "fields": {
            "name": "Can add notification",
            "content_type": 10,
            "codename": "add_notification"
        }
    },
    {
        "model": "auth.permission",
        "pk": 38,
        "fields": {
            "name": "Can change notification",
            "content_type": 10,
            "codename": "change_notification"
        }
    },
    {
        "model": "auth.permission",
        "pk": 39,
        "fields": {
            "name": "Can delete notification",
            "content_type": 10,
            "codename": "delete_notification"
        }
    },
    {
        "model": "auth.permission",
        "pk": 40,
        "fields": {
            "name": "Can view notification",
            "content_type": 10,
            "codename": "view_notification"
        }
    },
    {
        "model": "auth.permission",
        "pk": 41,
        "fields": {
            "name": "Can add activity",
            "content_type": 11,
            "codename": "add_activity"
        }
    },
    {
        "model": "auth.permission",
        "pk": 42,
        "fields": {
            "name": "Can change activity",
            "content_type": 11,
            "codename": "change_activity"
        }
    },
    {
        "model": "auth.permission",
        "pk": 43,
        "fields": {
            "name": "Can delete activity",
            "content_type": 11,
            "codename": "delete_activity"
        }
    },
    {
        "model": "auth.permission",
        "pk": 44,
        "fields": {
            "name": "Can view activity",
            "content_type": 11,
            "codename": "view_activity"
        }
    },
    {
        "model": "auth.permission",
        "pk": 45,
        "fields": {
            "name": "Can add follow",
            "content_type": 12,
            "codename": "add_follow"
        }
    },
    {
        "model": "auth.permission",
        "pk": 46,
        "fields": {
            "name": "Can change follow",
            "content_type": 12,
            "codename": "change_follow"
        }
    },
    {
        "model": "auth.permission",
        "pk": 47,
        "fields": {
            "name": "Can delete follow",
            "content_type": 12,
            "codename": "delete_follow"
        }
    },
    {
        "model": "auth.permission",
        "pk": 48,
        "fields": {
            "name": "Can view follow",
            "content_type": 12,
            "codename": "view_follow"
        }
    },
    {
        "model": "auth.permission",
        "pk": 49,
        "fields": {
            "name": "Can add person",
            "content_type": 13,
            "codename": "add_person"
        }
    },
    {
        "model": "auth.permission",
        "pk": 50,
        "fields": {
            "name": "Can change person",
            "content_type": 13,
            "codename": "change_person"
        }
    },
    {
        "model": "auth.permission",
        "pk": 51,
        "fields": {
            "name": "Can delete person",
            "content_type": 13,
            "codename": "delete_person"
        }
    },
    {
        "model": "auth.permission",
        "pk": 52,
        "fields": {
            "name": "Can view person",
            "content_type": 13,
            "codename": "view_person"
        }
    },
    {
        "model": "auth.permission",
        "pk": 53,
        "fields": {
            "name": "Can add role",
            "content_type": 14,
            "codename": "add_role"
        }
    },
    {
        "model": "auth.permission",
        "pk": 54,
        "fields": {
            "name": "Can change role",
            "content_type": 14,
            "codename": "change_role"
        }
    },
    {
        "model": "auth.permission",
        "pk": 55,
        "fields": {
            "name": "Can delete role",
            "content_type": 14,
            "codename": "delete_role"
        }
    },
    {
        "model": "auth.permission",
        "pk": 56,
        "fields": {
            "name": "Can view role",
            "content_type": 14,
            "codename": "view_role"
        }
    },
    {
        "model": "auth.permission",
        "pk": 57,
        "fields": {
            "name": "Can add tag",
            "content_type": 15,
            "codename": "add_tag"
        }
    },
    {
        "model": "auth.permission",
        "pk": 58,
        "fields": {
            "name": "Can change tag",
            "content_type": 15,
            "codename": "change_tag"
        }
    },
    {
        "model": "auth.permission",
        "pk": 59,
        "fields": {
            "name": "Can delete tag",
            "content_type": 15,
            "codename": "delete_tag"
        }
    },
    {
        "model": "auth.permission",
        "pk": 60,
        "fields": {
            "name": "Can view tag",
            "content_type": 15,
            "codename": "view_tag"
        }
    },
    {
        "model": "auth.permission",
        "pk": 61,
        "fields": {
            "name": "Can add comment",
            "content_type": 16,
            "codename": "add_comment"
        }
    },
    {
        "model": "auth.permission",
        "pk": 62,
        "fields": {
            "name": "Can change comment",
            "content_type": 16,
            "codename": "change_comment"
        }
    },
    {
        "model": "auth.permission",
        "pk": 63,
        "fields": {
            "name": "Can delete comment",
            "content_type": 16,
            "codename": "delete_comment"
        }
    },
    {
        "model": "auth.permission",
        "pk": 64,
        "fields": {
            "name": "Can view comment",
            "content_type": 16,
            "codename": "view_comment"
        }
    },
    {
        "model": "auth.permission",
        "pk": 65,
        "fields": {
            "name": "Can add repost",
            "content_type": 17,
            "codename": "add_repost"
        }
    },
    {
        "model": "auth.permission",
        "pk": 66,
        "fields": {
            "name": "Can change repost",
            "content_type": 17,
            "codename": "change_repost"
        }
    },
    {
        "model": "auth.permission",
        "pk": 67,
        "fields": {
            "name": "Can delete repost",
            "content_type": 17,
            "codename": "delete_repost"
        }
    },
    {
        "model": "auth.permission",
        "pk": 68,
        "fields": {
            "name": "Can view repost",
            "content_type": 17,
            "codename": "view_repost"
        }
    },
    {
        "model": "auth.permission",
        "pk": 69,
        "fields": {
            "name": "Can add post",
            "content_type": 18,
            "codename": "add_post"
        }
    },
    {
        "model": "auth.permission",
        "pk": 70,
        "fields": {
            "name": "Can change post",
            "content_type": 18,
            "codename": "change_post"
        }
    },
    {
        "model": "auth.permission",
        "pk": 71,
        "fields": {
            "name": "Can delete post",
            "content_type": 18,
            "codename": "delete_post"
        }
    },
    {
        "model": "auth.permission",
        "pk": 72,
        "fields": {
            "name": "Can view post",
            "content_type": 18,
            "codename": "view_post"
        }
    },
    {
        "model": "auth.permission",
        "pk": 73,
        "fields": {
            "name": "Can add say",
            "content_type": 19,
            "codename": "add_say"
        }
    },
    {
        "model": "auth.permission",
        "pk": 74,
        "fields": {
            "name": "Can change say",
            "content_type": 19,
            "codename": "change_say"
        }
    },
    {
        "model": "auth.permission",
        "pk": 75,
        "fields": {
            "name": "Can delete say",
            "content_type": 19,
            "codename": "delete_say"
        }
    },
    {
        "model": "auth.permission",
        "pk": 76,
        "fields": {
            "name": "Can view say",
            "content_type": 19,
            "codename": "view_say"
        }
    },
    {
        "model": "auth.permission",
        "pk": 77,
        "fields": {
            "name": "Can add pin",
            "content_type": 20,
            "codename": "add_pin"
        }
    },
    {
        "model": "auth.permission",
        "pk": 78,
        "fields": {
            "name": "Can change pin",
            "content_type": 20,
            "codename": "change_pin"
        }
    },
    {
        "model": "auth.permission",
        "pk": 79,
        "fields": {
            "name": "Can delete pin",
            "content_type": 20,
            "codename": "delete_pin"
        }
    },
    {
        "model": "auth.permission",
        "pk": 80,
        "fields": {
            "name": "Can view pin",
            "content_type": 20,
            "codename": "view_pin"
        }
    },
    {
        "model": "auth.permission",
        "pk": 81,
        "fields": {
            "name": "Can add publisher",
            "content_type": 21,
            "codename": "add_publisher"
        }
    },
    {
        "model": "auth.permission",
        "pk": 82,
        "fields": {
            "name": "Can change publisher",
            "content_type": 21,
            "codename": "change_publisher"
        }
    },
    {
        "model": "auth.permission",
        "pk": 83,
        "fields": {
            "name": "Can delete publisher",
            "content_type": 21,
            "codename": "delete_publisher"
        }
    },
    {
        "model": "auth.permission",
        "pk": 84,
        "fields": {
            "name": "Can view publisher",
            "content_type": 21,
            "codename": "view_publisher"
        }
    },
    {
        "model": "auth.permission",
        "pk": 85,
        "fields": {
            "name": "Can add work",
            "content_type": 22,
            "codename": "add_work"
        }
    },
    {
        "model": "auth.permission",
        "pk": 86,
        "fields": {
            "name": "Can change work",
            "content_type": 22,
            "codename": "change_work"
        }
    },
    {
        "model": "auth.permission",
        "pk": 87,
        "fields": {
            "name": "Can delete work",
            "content_type": 22,
            "codename": "delete_work"
        }
    },
    {
        "model": "auth.permission",
        "pk": 88,
        "fields": {
            "name": "Can view work",
            "content_type": 22,
            "codename": "view_work"
        }
    },
    {
        "model": "auth.permission",
        "pk": 89,
        "fields": {
            "name": "Can add work role",
            "content_type": 23,
            "codename": "add_workrole"
        }
    },
    {
        "model": "auth.permission",
        "pk": 90,
        "fields": {
            "name": "Can change work role",
            "content_type": 23,
            "codename": "change_workrole"
        }
    },
    {
        "model": "auth.permission",
        "pk": 91,
        "fields": {
            "name": "Can delete work role",
            "content_type": 23,
            "codename": "delete_workrole"
        }
    },
    {
        "model": "auth.permission",
        "pk": 92,
        "fields": {
            "name": "Can view work role",
            "content_type": 23,
            "codename": "view_workrole"
        }
    },
    {
        "model": "auth.permission",
        "pk": 93,
        "fields": {
            "name": "Can add instance",
            "content_type": 24,
            "codename": "add_instance"
        }
    },
    {
        "model": "auth.permission",
        "pk": 94,
        "fields": {
            "name": "Can change instance",
            "content_type": 24,
            "codename": "change_instance"
        }
    },
    {
        "model": "auth.permission",
        "pk": 95,
        "fields": {
            "name": "Can delete instance",
            "content_type": 24,
            "codename": "delete_instance"
        }
    },
    {
        "model": "auth.permission",
        "pk": 96,
        "fields": {
            "name": "Can view instance",
            "content_type": 24,
            "codename": "view_instance"
        }
    },
    {
        "model": "auth.permission",
        "pk": 97,
        "fields": {
            "name": "Can add instance role",
            "content_type": 25,
            "codename": "add_instancerole"
        }
    },
    {
        "model": "auth.permission",
        "pk": 98,
        "fields": {
            "name": "Can change instance role",
            "content_type": 25,
            "codename": "change_instancerole"
        }
    },
    {
        "model": "auth.permission",
        "pk": 99,
        "fields": {
            "name": "Can delete instance role",
            "content_type": 25,
            "codename": "delete_instancerole"
        }
    },
    {
        "model": "auth.permission",
        "pk": 100,
        "fields": {
            "name": "Can view instance role",
            "content_type": 25,
            "codename": "view_instancerole"
        }
    },
    {
        "model": "auth.permission",
        "pk": 101,
        "fields": {
            "name": "Can add book",
            "content_type": 26,
            "codename": "add_book"
        }
    },
    {
        "model": "auth.permission",
        "pk": 102,
        "fields": {
            "name": "Can change book",
            "content_type": 26,
            "codename": "change_book"
        }
    },
    {
        "model": "auth.permission",
        "pk": 103,
        "fields": {
            "name": "Can delete book",
            "content_type": 26,
            "codename": "delete_book"
        }
    },
    {
        "model": "auth.permission",
        "pk": 104,
        "fields": {
            "name": "Can view book",
            "content_type": 26,
            "codename": "view_book"
        }
    },
    {
        "model": "auth.permission",
        "pk": 105,
        "fields": {
            "name": "Can add book role",
            "content_type": 27,
            "codename": "add_bookrole"
        }
    },
    {
        "model": "auth.permission",
        "pk": 106,
        "fields": {
            "name": "Can change book role",
            "content_type": 27,
            "codename": "change_bookrole"
        }
    },
    {
        "model": "auth.permission",
        "pk": 107,
        "fields": {
            "name": "Can delete book role",
            "content_type": 27,
            "codename": "delete_bookrole"
        }
    },
    {
        "model": "auth.permission",
        "pk": 108,
        "fields": {
            "name": "Can view book role",
            "content_type": 27,
            "codename": "view_bookrole"
        }
    },
    {
        "model": "auth.permission",
        "pk": 109,
        "fields": {
            "name": "Can add book instance",
            "content_type": 28,
            "codename": "add_bookinstance"
        }
    },
    {
        "model": "auth.permission",
        "pk": 110,
        "fields": {
            "name": "Can change book instance",
            "content_type": 28,
            "codename": "change_bookinstance"
        }
    },
    {
        "model": "auth.permission",
        "pk": 111,
        "fields": {
            "name": "Can delete book instance",
            "content_type": 28,
            "codename": "delete_bookinstance"
        }
    },
    {
        "model": "auth.permission",
        "pk": 112,
        "fields": {
            "name": "Can view book instance",
            "content_type": 28,
            "codename": "view_bookinstance"
        }
    },
    {
        "model": "auth.permission",
        "pk": 113,
        "fields": {
            "name": "Can add read check in",
            "content_type": 29,
            "codename": "add_readcheckin"
        }
    },
    {
        "model": "auth.permission",
        "pk": 114,
        "fields": {
            "name": "Can change read check in",
            "content_type": 29,
            "codename": "change_readcheckin"
        }
    },
    {
        "model": "auth.permission",
        "pk": 115,
        "fields": {
            "name": "Can delete read check in",
            "content_type": 29,
            "codename": "delete_readcheckin"
        }
    },
    {
        "model": "auth.permission",
        "pk": 116,
        "fields": {
            "name": "Can view read check in",
            "content_type": 29,
            "codename": "view_readcheckin"
        }
    },
    {
        "model": "auth.permission",
        "pk": 117,
        "fields": {
            "name": "Can add periodical",
            "content_type": 30,
            "codename": "add_periodical"
        }
    },
    {
        "model": "auth.permission",
        "pk": 118,
        "fields": {
            "name": "Can change periodical",
            "content_type": 30,
            "codename": "change_periodical"
        }
    },
    {
        "model": "auth.permission",
        "pk": 119,
        "fields": {
            "name": "Can delete periodical",
            "content_type": 30,
            "codename": "delete_periodical"
        }
    },
    {
        "model": "auth.permission",
        "pk": 120,
        "fields": {
            "name": "Can view periodical",
            "content_type": 30,
            "codename": "view_periodical"
        }
    },
    {
        "model": "auth.permission",
        "pk": 121,
        "fields": {
            "name": "Can add issue",
            "content_type": 31,
            "codename": "add_issue"
        }
    },
    {
        "model": "auth.permission",
        "pk": 122,
        "fields": {
            "name": "Can change issue",
            "content_type": 31,
            "codename": "change_issue"
        }
    },
    {
        "model": "auth.permission",
        "pk": 123,
        "fields": {
            "name": "Can delete issue",
            "content_type": 31,
            "codename": "delete_issue"
        }
    },
    {
        "model": "auth.permission",
        "pk": 124,
        "fields": {
            "name": "Can view issue",
            "content_type": 31,
            "codename": "view_issue"
        }
    },
    {
        "model": "auth.permission",
        "pk": 125,
        "fields": {
            "name": "Can add issue instance",
            "content_type": 32,
            "codename": "add_issueinstance"
        }
    },
    {
        "model": "auth.permission",
        "pk": 126,
        "fields": {
            "name": "Can change issue instance",
            "content_type": 32,
            "codename": "change_issueinstance"
        }
    },
    {
        "model": "auth.permission",
        "pk": 127,
        "fields": {
            "name": "Can delete issue instance",
            "content_type": 32,
            "codename": "delete_issueinstance"
        }
    },
    {
        "model": "auth.permission",
        "pk": 128,
        "fields": {
            "name": "Can view issue instance",
            "content_type": 32,
            "codename": "view_issueinstance"
        }
    },
    {
        "model": "auth.permission",
        "pk": 129,
        "fields": {
            "name": "Can add book series",
            "content_type": 33,
            "codename": "add_bookseries"
        }
    },
    {
        "model": "auth.permission",
        "pk": 130,
        "fields": {
            "name": "Can change book series",
            "content_type": 33,
            "codename": "change_bookseries"
        }
    },
    {
        "model": "auth.permission",
        "pk": 131,
        "fields": {
            "name": "Can delete book series",
            "content_type": 33,
            "codename": "delete_bookseries"
        }
    },
    {
        "model": "auth.permission",
        "pk": 132,
        "fields": {
            "name": "Can view book series",
            "content_type": 33,
            "codename": "view_bookseries"
        }
    },
    {
        "model": "auth.permission",
        "pk": 133,
        "fields": {
            "name": "Can add book in series",
            "content_type": 34,
            "codename": "add_bookinseries"
        }
    },
    {
        "model": "auth.permission",
        "pk": 134,
        "fields": {
            "name": "Can change book in series",
            "content_type": 34,
            "codename": "change_bookinseries"
        }
    },
    {
        "model": "auth.permission",
        "pk": 135,
        "fields": {
            "name": "Can delete book in series",
            "content_type": 34,
            "codename": "delete_bookinseries"
        }
    },
    {
        "model": "auth.permission",
        "pk": 136,
        "fields": {
            "name": "Can view book in series",
            "content_type": 34,
            "codename": "view_bookinseries"
        }
    },
    {
        "model": "auth.permission",
        "pk": 137,
        "fields": {
            "name": "Can add label",
            "content_type": 35,
            "codename": "add_label"
        }
    },
    {
        "model": "auth.permission",
        "pk": 138,
        "fields": {
            "name": "Can change label",
            "content_type": 35,
            "codename": "change_label"
        }
    },
    {
        "model": "auth.permission",
        "pk": 139,
        "fields": {
            "name": "Can delete label",
            "content_type": 35,
            "codename": "delete_label"
        }
    },
    {
        "model": "auth.permission",
        "pk": 140,
        "fields": {
            "name": "Can view label",
            "content_type": 35,
            "codename": "view_label"
        }
    },
    {
        "model": "auth.permission",
        "pk": 141,
        "fields": {
            "name": "Can add work",
            "content_type": 36,
            "codename": "add_work"
        }
    },
    {
        "model": "auth.permission",
        "pk": 142,
        "fields": {
            "name": "Can change work",
            "content_type": 36,
            "codename": "change_work"
        }
    },
    {
        "model": "auth.permission",
        "pk": 143,
        "fields": {
            "name": "Can delete work",
            "content_type": 36,
            "codename": "delete_work"
        }
    },
    {
        "model": "auth.permission",
        "pk": 144,
        "fields": {
            "name": "Can view work",
            "content_type": 36,
            "codename": "view_work"
        }
    },
    {
        "model": "auth.permission",
        "pk": 145,
        "fields": {
            "name": "Can add work role",
            "content_type": 37,
            "codename": "add_workrole"
        }
    },
    {
        "model": "auth.permission",
        "pk": 146,
        "fields": {
            "name": "Can change work role",
            "content_type": 37,
            "codename": "change_workrole"
        }
    },
    {
        "model": "auth.permission",
        "pk": 147,
        "fields": {
            "name": "Can delete work role",
            "content_type": 37,
            "codename": "delete_workrole"
        }
    },
    {
        "model": "auth.permission",
        "pk": 148,
        "fields": {
            "name": "Can view work role",
            "content_type": 37,
            "codename": "view_workrole"
        }
    },
    {
        "model": "auth.permission",
        "pk": 149,
        "fields": {
            "name": "Can add track",
            "content_type": 38,
            "codename": "add_track"
        }
    },
    {
        "model": "auth.permission",
        "pk": 150,
        "fields": {
            "name": "Can change track",
            "content_type": 38,
            "codename": "change_track"
        }
    },
    {
        "model": "auth.permission",
        "pk": 151,
        "fields": {
            "name": "Can delete track",
            "content_type": 38,
            "codename": "delete_track"
        }
    },
    {
        "model": "auth.permission",
        "pk": 152,
        "fields": {
            "name": "Can view track",
            "content_type": 38,
            "codename": "view_track"
        }
    },
    {
        "model": "auth.permission",
        "pk": 153,
        "fields": {
            "name": "Can add track role",
            "content_type": 39,
            "codename": "add_trackrole"
        }
    },
    {
        "model": "auth.permission",
        "pk": 154,
        "fields": {
            "name": "Can change track role",
            "content_type": 39,
            "codename": "change_trackrole"
        }
    },
    {
        "model": "auth.permission",
        "pk": 155,
        "fields": {
            "name": "Can delete track role",
            "content_type": 39,
            "codename": "delete_trackrole"
        }
    },
    {
        "model": "auth.permission",
        "pk": 156,
        "fields": {
            "name": "Can view track role",
            "content_type": 39,
            "codename": "view_trackrole"
        }
    },
    {
        "model": "auth.permission",
        "pk": 157,
        "fields": {
            "name": "Can add release",
            "content_type": 40,
            "codename": "add_release"
        }
    },
    {
        "model": "auth.permission",
        "pk": 158,
        "fields": {
            "name": "Can change release",
            "content_type": 40,
            "codename": "change_release"
        }
    },
    {
        "model": "auth.permission",
        "pk": 159,
        "fields": {
            "name": "Can delete release",
            "content_type": 40,
            "codename": "delete_release"
        }
    },
    {
        "model": "auth.permission",
        "pk": 160,
        "fields": {
            "name": "Can view release",
            "content_type": 40,
            "codename": "view_release"
        }
    },
    {
        "model": "auth.permission",
        "pk": 161,
        "fields": {
            "name": "Can add release role",
            "content_type": 41,
            "codename": "add_releaserole"
        }
    },
    {
        "model": "auth.permission",
        "pk": 162,
        "fields": {
            "name": "Can change release role",
            "content_type": 41,
            "codename": "change_releaserole"
        }
    },
    {
        "model": "auth.permission",
        "pk": 163,
        "fields": {
            "name": "Can delete release role",
            "content_type": 41,
            "codename": "delete_releaserole"
        }
    },
    {
        "model": "auth.permission",
        "pk": 164,
        "fields": {
            "name": "Can view release role",
            "content_type": 41,
            "codename": "view_releaserole"
        }
    },
    {
        "model": "auth.permission",
        "pk": 165,
        "fields": {
            "name": "Can add release track",
            "content_type": 42,
            "codename": "add_releasetrack"
        }
    },
    {
        "model": "auth.permission",
        "pk": 166,
        "fields": {
            "name": "Can change release track",
            "content_type": 42,
            "codename": "change_releasetrack"
        }
    },
    {
        "model": "auth.permission",
        "pk": 167,
        "fields": {
            "name": "Can delete release track",
            "content_type": 42,
            "codename": "delete_releasetrack"
        }
    },
    {
        "model": "auth.permission",
        "pk": 168,
        "fields": {
            "name": "Can view release track",
            "content_type": 42,
            "codename": "view_releasetrack"
        }
    },
    {
        "model": "auth.permission",
        "pk": 169,
        "fields": {
            "name": "Can add listen check in",
            "content_type": 43,
            "codename": "add_listencheckin"
        }
    },
    {
        "model": "auth.permission",
        "pk": 170,
        "fields": {
            "name": "Can change listen check in",
            "content_type": 43,
            "codename": "change_listencheckin"
        }
    },
    {
        "model": "auth.permission",
        "pk": 171,
        "fields": {
            "name": "Can delete listen check in",
            "content_type": 43,
            "codename": "delete_listencheckin"
        }
    },
    {
        "model": "auth.permission",
        "pk": 172,
        "fields": {
            "name": "Can view listen check in",
            "content_type": 43,
            "codename": "view_listencheckin"
        }
    },
    {
        "model": "auth.permission",
        "pk": 173,
        "fields": {
            "name": "Can add developer",
            "content_type": 44,
            "codename": "add_developer"
        }
    },
    {
        "model": "auth.permission",
        "pk": 174,
        "fields": {
            "name": "Can change developer",
            "content_type": 44,
            "codename": "change_developer"
        }
    },
    {
        "model": "auth.permission",
        "pk": 175,
        "fields": {
            "name": "Can delete developer",
            "content_type": 44,
            "codename": "delete_developer"
        }
    },
    {
        "model": "auth.permission",
        "pk": 176,
        "fields": {
            "name": "Can view developer",
            "content_type": 44,
            "codename": "view_developer"
        }
    },
    {
        "model": "auth.permission",
        "pk": 177,
        "fields": {
            "name": "Can add platform",
            "content_type": 45,
            "codename": "add_platform"
        }
    },
    {
        "model": "auth.permission",
        "pk": 178,
        "fields": {
            "name": "Can change platform",
            "content_type": 45,
            "codename": "change_platform"
        }
    },
    {
        "model": "auth.permission",
        "pk": 179,
        "fields": {
            "name": "Can delete platform",
            "content_type": 45,
            "codename": "delete_platform"
        }
    },
    {
        "model": "auth.permission",
        "pk": 180,
        "fields": {
            "name": "Can view platform",
            "content_type": 45,
            "codename": "view_platform"
        }
    },
    {
        "model": "auth.permission",
        "pk": 181,
        "fields": {
            "name": "Can add game",
            "content_type": 46,
            "codename": "add_game"
        }
    },
    {
        "model": "auth.permission",
        "pk": 182,
        "fields": {
            "name": "Can change game",
            "content_type": 46,
            "codename": "change_game"
        }
    },
    {
        "model": "auth.permission",
        "pk": 183,
        "fields": {
            "name": "Can delete game",
            "content_type": 46,
            "codename": "delete_game"
        }
    },
    {
        "model": "auth.permission",
        "pk": 184,
        "fields": {
            "name": "Can view game",
            "content_type": 46,
            "codename": "view_game"
        }
    },
    {
        "model": "auth.permission",
        "pk": 185,
        "fields": {
            "name": "Can add game role",
            "content_type": 47,
            "codename": "add_gamerole"
        }
    },
    {
        "model": "auth.permission",
        "pk": 186,
        "fields": {
            "name": "Can change game role",
            "content_type": 47,
            "codename": "change_gamerole"
        }
    },
    {
        "model": "auth.permission",
        "pk": 187,
        "fields": {
            "name": "Can delete game role",
            "content_type": 47,
            "codename": "delete_gamerole"
        }
    },
    {
        "model": "auth.permission",
        "pk": 188,
        "fields": {
            "name": "Can view game role",
            "content_type": 47,
            "codename": "view_gamerole"
        }
    },
    {
        "model": "auth.permission",
        "pk": 189,
        "fields": {
            "name": "Can add game check in",
            "content_type": 48,
            "codename": "add_gamecheckin"
        }
    },
    {
        "model": "auth.permission",
        "pk": 190,
        "fields": {
            "name": "Can change game check in",
            "content_type": 48,
            "codename": "change_gamecheckin"
        }
    },
    {
        "model": "auth.permission",
        "pk": 191,
        "fields": {
            "name": "Can delete game check in",
            "content_type": 48,
            "codename": "delete_gamecheckin"
        }
    },
    {
        "model": "auth.permission",
        "pk": 192,
        "fields": {
            "name": "Can view game check in",
            "content_type": 48,
            "codename": "view_gamecheckin"
        }
    },
    {
        "model": "auth.permission",
        "pk": 193,
        "fields": {
            "name": "Can add game series",
            "content_type": 49,
            "codename": "add_gameseries"
        }
    },
    {
        "model": "auth.permission",
        "pk": 194,
        "fields": {
            "name": "Can change game series",
            "content_type": 49,
            "codename": "change_gameseries"
        }
    },
    {
        "model": "auth.permission",
        "pk": 195,
        "fields": {
            "name": "Can delete game series",
            "content_type": 49,
            "codename": "delete_gameseries"
        }
    },
    {
        "model": "auth.permission",
        "pk": 196,
        "fields": {
            "name": "Can view game series",
            "content_type": 49,
            "codename": "view_gameseries"
        }
    },
    {
        "model": "auth.permission",
        "pk": 197,
        "fields": {
            "name": "Can add game in series",
            "content_type": 50,
            "codename": "add_gameinseries"
        }
    },
    {
        "model": "auth.permission",
        "pk": 198,
        "fields": {
            "name": "Can change game in series",
            "content_type": 50,
            "codename": "change_gameinseries"
        }
    },
    {
        "model": "auth.permission",
        "pk": 199,
        "fields": {
            "name": "Can delete game in series",
            "content_type": 50,
            "codename": "delete_gameinseries"
        }
    },
    {
        "model": "auth.permission",
        "pk": 200,
        "fields": {
            "name": "Can view game in series",
            "content_type": 50,
            "codename": "view_gameinseries"
        }
    },
    {
        "model": "auth.permission",
        "pk": 201,
        "fields": {
            "name": "Can add game cast",
            "content_type": 51,
            "codename": "add_gamecast"
        }
    },
    {
        "model": "auth.permission",
        "pk": 202,
        "fields": {
            "name": "Can change game cast",
            "content_type": 51,
            "codename": "change_gamecast"
        }
    },
    {
        "model": "auth.permission",
        "pk": 203,
        "fields": {
            "name": "Can delete game cast",
            "content_type": 51,
            "codename": "delete_gamecast"
        }
    },
    {
        "model": "auth.permission",
        "pk": 204,
        "fields": {
            "name": "Can view game cast",
            "content_type": 51,
            "codename": "view_gamecast"
        }
    },
    {
        "model": "auth.permission",
        "pk": 205,
        "fields": {
            "name": "Can add movie",
            "content_type": 52,
            "codename": "add_movie"
        }
    },
    {
        "model": "auth.permission",
        "pk": 206,
        "fields": {
            "name": "Can change movie",
            "content_type": 52,
            "codename": "change_movie"
        }
    },
    {
        "model": "auth.permission",
        "pk": 207,
        "fields": {
            "name": "Can delete movie",
            "content_type": 52,
            "codename": "delete_movie"
        }
    },
    {
        "model": "auth.permission",
        "pk": 208,
        "fields": {
            "name": "Can view movie",
            "content_type": 52,
            "codename": "view_movie"
        }
    },
    {
        "model": "auth.permission",
        "pk": 209,
        "fields": {
            "name": "Can add studio",
            "content_type": 53,
            "codename": "add_studio"
        }
    },
    {
        "model": "auth.permission",
        "pk": 210,
        "fields": {
            "name": "Can change studio",
            "content_type": 53,
            "codename": "change_studio"
        }
    },
    {
        "model": "auth.permission",
        "pk": 211,
        "fields": {
            "name": "Can delete studio",
            "content_type": 53,
            "codename": "delete_studio"
        }
    },
    {
        "model": "auth.permission",
        "pk": 212,
        "fields": {
            "name": "Can view studio",
            "content_type": 53,
            "codename": "view_studio"
        }
    },
    {
        "model": "auth.permission",
        "pk": 213,
        "fields": {
            "name": "Can add movie role",
            "content_type": 54,
            "codename": "add_movierole"
        }
    },
    {
        "model": "auth.permission",
        "pk": 214,
        "fields": {
            "name": "Can change movie role",
            "content_type": 54,
            "codename": "change_movierole"
        }
    },
    {
        "model": "auth.permission",
        "pk": 215,
        "fields": {
            "name": "Can delete movie role",
            "content_type": 54,
            "codename": "delete_movierole"
        }
    },
    {
        "model": "auth.permission",
        "pk": 216,
        "fields": {
            "name": "Can view movie role",
            "content_type": 54,
            "codename": "view_movierole"
        }
    },
    {
        "model": "auth.permission",
        "pk": 217,
        "fields": {
            "name": "Can add movie cast",
            "content_type": 55,
            "codename": "add_moviecast"
        }
    },
    {
        "model": "auth.permission",
        "pk": 218,
        "fields": {
            "name": "Can change movie cast",
            "content_type": 55,
            "codename": "change_moviecast"
        }
    },
    {
        "model": "auth.permission",
        "pk": 219,
        "fields": {
            "name": "Can delete movie cast",
            "content_type": 55,
            "codename": "delete_moviecast"
        }
    },
    {
        "model": "auth.permission",
        "pk": 220,
        "fields": {
            "name": "Can view movie cast",
            "content_type": 55,
            "codename": "view_moviecast"
        }
    },
    {
        "model": "auth.permission",
        "pk": 221,
        "fields": {
            "name": "Can add series",
            "content_type": 56,
            "codename": "add_series"
        }
    },
    {
        "model": "auth.permission",
        "pk": 222,
        "fields": {
            "name": "Can change series",
            "content_type": 56,
            "codename": "change_series"
        }
    },
    {
        "model": "auth.permission",
        "pk": 223,
        "fields": {
            "name": "Can delete series",
            "content_type": 56,
            "codename": "delete_series"
        }
    },
    {
        "model": "auth.permission",
        "pk": 224,
        "fields": {
            "name": "Can view series",
            "content_type": 56,
            "codename": "view_series"
        }
    },
    {
        "model": "auth.permission",
        "pk": 225,
        "fields": {
            "name": "Can add series role",
            "content_type": 57,
            "codename": "add_seriesrole"
        }
    },
    {
        "model": "auth.permission",
        "pk": 226,
        "fields": {
            "name": "Can change series role",
            "content_type": 57,
            "codename": "change_seriesrole"
        }
    },
    {
        "model": "auth.permission",
        "pk": 227,
        "fields": {
            "name": "Can delete series role",
            "content_type": 57,
            "codename": "delete_seriesrole"
        }
    },
    {
        "model": "auth.permission",
        "pk": 228,
        "fields": {
            "name": "Can view series role",
            "content_type": 57,
            "codename": "view_seriesrole"
        }
    },
    {
        "model": "auth.permission",
        "pk": 229,
        "fields": {
            "name": "Can add episode",
            "content_type": 58,
            "codename": "add_episode"
        }
    },
    {
        "model": "auth.permission",
        "pk": 230,
        "fields": {
            "name": "Can change episode",
            "content_type": 58,
            "codename": "change_episode"
        }
    },
    {
        "model": "auth.permission",
        "pk": 231,
        "fields": {
            "name": "Can delete episode",
            "content_type": 58,
            "codename": "delete_episode"
        }
    },
    {
        "model": "auth.permission",
        "pk": 232,
        "fields": {
            "name": "Can view episode",
            "content_type": 58,
            "codename": "view_episode"
        }
    },
    {
        "model": "auth.permission",
        "pk": 233,
        "fields": {
            "name": "Can add episode role",
            "content_type": 59,
            "codename": "add_episoderole"
        }
    },
    {
        "model": "auth.permission",
        "pk": 234,
        "fields": {
            "name": "Can change episode role",
            "content_type": 59,
            "codename": "change_episoderole"
        }
    },
    {
        "model": "auth.permission",
        "pk": 235,
        "fields": {
            "name": "Can delete episode role",
            "content_type": 59,
            "codename": "delete_episoderole"
        }
    },
    {
        "model": "auth.permission",
        "pk": 236,
        "fields": {
            "name": "Can view episode role",
            "content_type": 59,
            "codename": "view_episoderole"
        }
    },
    {
        "model": "auth.permission",
        "pk": 237,
        "fields": {
            "name": "Can add episode cast",
            "content_type": 60,
            "codename": "add_episodecast"
        }
    },
    {
        "model": "auth.permission",
        "pk": 238,
        "fields": {
            "name": "Can change episode cast",
            "content_type": 60,
            "codename": "change_episodecast"
        }
    },
    {
        "model": "auth.permission",
        "pk": 239,
        "fields": {
            "name": "Can delete episode cast",
            "content_type": 60,
            "codename": "delete_episodecast"
        }
    },
    {
        "model": "auth.permission",
        "pk": 240,
        "fields": {
            "name": "Can view episode cast",
            "content_type": 60,
            "codename": "view_episodecast"
        }
    },
    {
        "model": "auth.permission",
        "pk": 241,
        "fields": {
            "name": "Can add watch check in",
            "content_type": 61,
            "codename": "add_watchcheckin"
        }
    },
    {
        "model": "auth.permission",
        "pk": 242,
        "fields": {
            "name": "Can change watch check in",
            "content_type": 61,
            "codename": "change_watchcheckin"
        }
    },
    {
        "model": "auth.permission",
        "pk": 243,
        "fields": {
            "name": "Can delete watch check in",
            "content_type": 61,
            "codename": "delete_watchcheckin"
        }
    },
    {
        "model": "auth.permission",
        "pk": 244,
        "fields": {
            "name": "Can view watch check in",
            "content_type": 61,
            "codename": "view_watchcheckin"
        }
    },
    {
        "model": "auth.permission",
        "pk": 245,
        "fields": {
            "name": "Can add block",
            "content_type": 62,
            "codename": "add_block"
        }
    },
    {
        "model": "auth.permission",
        "pk": 246,
        "fields": {
            "name": "Can change block",
            "content_type": 62,
            "codename": "change_block"
        }
    },
    {
        "model": "auth.permission",
        "pk": 247,
        "fields": {
            "name": "Can delete block",
            "content_type": 62,
            "codename": "delete_block"
        }
    },
    {
        "model": "auth.permission",
        "pk": 248,
        "fields": {
            "name": "Can view block",
            "content_type": 62,
            "codename": "view_block"
        }
    },
    {
        "model": "auth.permission",
        "pk": 249,
        "fields": {
            "name": "Can add work",
            "content_type": 63,
            "codename": "add_work"
        }
    },
    {
        "model": "auth.permission",
        "pk": 250,
        "fields": {
            "name": "Can change work",
            "content_type": 63,
            "codename": "change_work"
        }
    },
    {
        "model": "auth.permission",
        "pk": 251,
        "fields": {
            "name": "Can delete work",
            "content_type": 63,
            "codename": "delete_work"
        }
    },
    {
        "model": "auth.permission",
        "pk": 252,
        "fields": {
            "name": "Can view work",
            "content_type": 63,
            "codename": "view_work"
        }
    },
    {
        "model": "auth.permission",
        "pk": 253,
        "fields": {
            "name": "Can add work role",
            "content_type": 64,
            "codename": "add_workrole"
        }
    },
    {
        "model": "auth.permission",
        "pk": 254,
        "fields": {
            "name": "Can change work role",
            "content_type": 64,
            "codename": "change_workrole"
        }
    },
    {
        "model": "auth.permission",
        "pk": 255,
        "fields": {
            "name": "Can delete work role",
            "content_type": 64,
            "codename": "delete_workrole"
        }
    },
    {
        "model": "auth.permission",
        "pk": 256,
        "fields": {
            "name": "Can view work role",
            "content_type": 64,
            "codename": "view_workrole"
        }
    },
    {
        "model": "auth.permission",
        "pk": 257,
        "fields": {
            "name": "Can add luv list",
            "content_type": 65,
            "codename": "add_luvlist"
        }
    },
    {
        "model": "auth.permission",
        "pk": 258,
        "fields": {
            "name": "Can change luv list",
            "content_type": 65,
            "codename": "change_luvlist"
        }
    },
    {
        "model": "auth.permission",
        "pk": 259,
        "fields": {
            "name": "Can delete luv list",
            "content_type": 65,
            "codename": "delete_luvlist"
        }
    },
    {
        "model": "auth.permission",
        "pk": 260,
        "fields": {
            "name": "Can view luv list",
            "content_type": 65,
            "codename": "view_luvlist"
        }
    },
    {
        "model": "auth.permission",
        "pk": 261,
        "fields": {
            "name": "Can add content in list",
            "content_type": 66,
            "codename": "add_contentinlist"
        }
    },
    {
        "model": "auth.permission",
        "pk": 262,
        "fields": {
            "name": "Can change content in list",
            "content_type": 66,
            "codename": "change_contentinlist"
        }
    },
    {
        "model": "auth.permission",
        "pk": 263,
        "fields": {
            "name": "Can delete content in list",
            "content_type": 66,
            "codename": "delete_contentinlist"
        }
    },
    {
        "model": "auth.permission",
        "pk": 264,
        "fields": {
            "name": "Can view content in list",
            "content_type": 66,
            "codename": "view_contentinlist"
        }
    },
    {
        "model": "auth.permission",
        "pk": 265,
        "fields": {
            "name": "Can add game publisher",
            "content_type": 67,
            "codename": "add_gamepublisher"
        }
    },
    {
        "model": "auth.permission",
        "pk": 266,
        "fields": {
            "name": "Can change game publisher",
            "content_type": 67,
            "codename": "change_gamepublisher"
        }
    },
    {
        "model": "auth.permission",
        "pk": 267,
        "fields": {
            "name": "Can delete game publisher",
            "content_type": 67,
            "codename": "delete_gamepublisher"
        }
    },
    {
        "model": "auth.permission",
        "pk": 268,
        "fields": {
            "name": "Can view game publisher",
            "content_type": 67,
            "codename": "view_gamepublisher"
        }
    },
    {
        "model": "contenttypes.contenttype",
        "pk": 1,
        "fields": {
            "app_label": "accounts",
            "model": "invitationcode"
        }
    },
    {
        "model": "contenttypes.contenttype",
        "pk": 2,
        "fields": {
            "app_label": "accounts",
            "model": "customuser"
        }
    },
    {
        "model": "contenttypes.contenttype",
        "pk": 3,
        "fields": {
            "app_label": "admin",
            "model": "logentry"
        }
    },
    {
        "model": "contenttypes.contenttype",
        "pk": 4,
        "fields": {
            "app_label": "auth",
            "model": "permission"
        }
    },
    {
        "model": "contenttypes.contenttype",
        "pk": 5,
        "fields": {
            "app_label": "auth",
            "model": "group"
        }
    },
    {
        "model": "contenttypes.contenttype",
        "pk": 6,
        "fields": {
            "app_label": "contenttypes",
            "model": "contenttype"
        }
    },
    {
        "model": "contenttypes.contenttype",
        "pk": 7,
        "fields": {
            "app_label": "sessions",
            "model": "session"
        }
    },
    {
        "model": "contenttypes.contenttype",
        "pk": 8,
        "fields": {
            "app_label": "reversion",
            "model": "revision"
        }
    },
    {
        "model": "contenttypes.contenttype",
        "pk": 9,
        "fields": {
            "app_label": "reversion",
            "model": "version"
        }
    },
    {
        "model": "contenttypes.contenttype",
        "pk": 10,
        "fields": {
            "app_label": "notify",
            "model": "notification"
        }
    },
    {
        "model": "contenttypes.contenttype",
        "pk": 11,
        "fields": {
            "app_label": "activity_feed",
            "model": "activity"
        }
    },
    {
        "model": "contenttypes.contenttype",
        "pk": 12,
        "fields": {
            "app_label": "activity_feed",
            "model": "follow"
        }
    },
    {
        "model": "contenttypes.contenttype",
        "pk": 13,
        "fields": {
            "app_label": "entity",
            "model": "person"
        }
    },
    {
        "model": "contenttypes.contenttype",
        "pk": 14,
        "fields": {
            "app_label": "entity",
            "model": "role"
        }
    },
    {
        "model": "contenttypes.contenttype",
        "pk": 15,
        "fields": {
            "app_label": "write",
            "model": "tag"
        }
    },
    {
        "model": "contenttypes.contenttype",
        "pk": 16,
        "fields": {
            "app_label": "write",
            "model": "comment"
        }
    },
    {
        "model": "contenttypes.contenttype",
        "pk": 17,
        "fields": {
            "app_label": "write",
            "model": "repost"
        }
    },
    {
        "model": "contenttypes.contenttype",
        "pk": 18,
        "fields": {
            "app_label": "write",
            "model": "post"
        }
    },
    {
        "model": "contenttypes.contenttype",
        "pk": 19,
        "fields": {
            "app_label": "write",
            "model": "say"
        }
    },
    {
        "model": "contenttypes.contenttype",
        "pk": 20,
        "fields": {
            "app_label": "write",
            "model": "pin"
        }
    },
    {
        "model": "contenttypes.contenttype",
        "pk": 21,
        "fields": {
            "app_label": "read",
            "model": "publisher"
        }
    },
    {
        "model": "contenttypes.contenttype",
        "pk": 22,
        "fields": {
            "app_label": "read",
            "model": "work"
        }
    },
    {
        "model": "contenttypes.contenttype",
        "pk": 23,
        "fields": {
            "app_label": "read",
            "model": "workrole"
        }
    },
    {
        "model": "contenttypes.contenttype",
        "pk": 24,
        "fields": {
            "app_label": "read",
            "model": "instance"
        }
    },
    {
        "model": "contenttypes.contenttype",
        "pk": 25,
        "fields": {
            "app_label": "read",
            "model": "instancerole"
        }
    },
    {
        "model": "contenttypes.contenttype",
        "pk": 26,
        "fields": {
            "app_label": "read",
            "model": "book"
        }
    },
    {
        "model": "contenttypes.contenttype",
        "pk": 27,
        "fields": {
            "app_label": "read",
            "model": "bookrole"
        }
    },
    {
        "model": "contenttypes.contenttype",
        "pk": 28,
        "fields": {
            "app_label": "read",
            "model": "bookinstance"
        }
    },
    {
        "model": "contenttypes.contenttype",
        "pk": 29,
        "fields": {
            "app_label": "read",
            "model": "readcheckin"
        }
    },
    {
        "model": "contenttypes.contenttype",
        "pk": 30,
        "fields": {
            "app_label": "read",
            "model": "periodical"
        }
    },
    {
        "model": "contenttypes.contenttype",
        "pk": 31,
        "fields": {
            "app_label": "read",
            "model": "issue"
        }
    },
    {
        "model": "contenttypes.contenttype",
        "pk": 32,
        "fields": {
            "app_label": "read",
            "model": "issueinstance"
        }
    },
    {
        "model": "contenttypes.contenttype",
        "pk": 33,
        "fields": {
            "app_label": "read",
            "model": "bookseries"
        }
    },
    {
        "model": "contenttypes.contenttype",
        "pk": 34,
        "fields": {
            "app_label": "read",
            "model": "bookinseries"
        }
    },
    {
        "model": "contenttypes.contenttype",
        "pk": 35,
        "fields": {
            "app_label": "listen",
            "model": "label"
        }
    },
    {
        "model": "contenttypes.contenttype",
        "pk": 36,
        "fields": {
            "app_label": "listen",
            "model": "work"
        }
    },
    {
        "model": "contenttypes.contenttype",
        "pk": 37,
        "fields": {
            "app_label": "listen",
            "model": "workrole"
        }
    },
    {
        "model": "contenttypes.contenttype",
        "pk": 38,
        "fields": {
            "app_label": "listen",
            "model": "track"
        }
    },
    {
        "model": "contenttypes.contenttype",
        "pk": 39,
        "fields": {
            "app_label": "listen",
            "model": "trackrole"
        }
    },
    {
        "model": "contenttypes.contenttype",
        "pk": 40,
        "fields": {
            "app_label": "listen",
            "model": "release"
        }
    },
    {
        "model": "contenttypes.contenttype",
        "pk": 41,
        "fields": {
            "app_label": "listen",
            "model": "releaserole"
        }
    },
    {
        "model": "contenttypes.contenttype",
        "pk": 42,
        "fields": {
            "app_label": "listen",
            "model": "releasetrack"
        }
    },
    {
        "model": "contenttypes.contenttype",
        "pk": 43,
        "fields": {
            "app_label": "listen",
            "model": "listencheckin"
        }
    },
    {
        "model": "contenttypes.contenttype",
        "pk": 44,
        "fields": {
            "app_label": "play",
            "model": "developer"
        }
    },
    {
        "model": "contenttypes.contenttype",
        "pk": 45,
        "fields": {
            "app_label": "play",
            "model": "platform"
        }
    },
    {
        "model": "contenttypes.contenttype",
        "pk": 46,
        "fields": {
            "app_label": "play",
            "model": "game"
        }
    },
    {
        "model": "contenttypes.contenttype",
        "pk": 47,
        "fields": {
            "app_label": "play",
            "model": "gamerole"
        }
    },
    {
        "model": "contenttypes.contenttype",
        "pk": 48,
        "fields": {
            "app_label": "play",
            "model": "gamecheckin"
        }
    },
    {
        "model": "contenttypes.contenttype",
        "pk": 49,
        "fields": {
            "app_label": "play",
            "model": "gameseries"
        }
    },
    {
        "model": "contenttypes.contenttype",
        "pk": 50,
        "fields": {
            "app_label": "play",
            "model": "gameinseries"
        }
    },
    {
        "model": "contenttypes.contenttype",
        "pk": 51,
        "fields": {
            "app_label": "play",
            "model": "gamecast"
        }
    },
    {
        "model": "contenttypes.contenttype",
        "pk": 52,
        "fields": {
            "app_label": "watch",
            "model": "movie"
        }
    },
    {
        "model": "contenttypes.contenttype",
        "pk": 53,
        "fields": {
            "app_label": "watch",
            "model": "studio"
        }
    },
    {
        "model": "contenttypes.contenttype",
        "pk": 54,
        "fields": {
            "app_label": "watch",
            "model": "movierole"
        }
    },
    {
        "model": "contenttypes.contenttype",
        "pk": 55,
        "fields": {
            "app_label": "watch",
            "model": "moviecast"
        }
    },
    {
        "model": "contenttypes.contenttype",
        "pk": 56,
        "fields": {
            "app_label": "watch",
            "model": "series"
        }
    },
    {
        "model": "contenttypes.contenttype",
        "pk": 57,
        "fields": {
            "app_label": "watch",
            "model": "seriesrole"
        }
    },
    {
        "model": "contenttypes.contenttype",
        "pk": 58,
        "fields": {
            "app_label": "watch",
            "model": "episode"
        }
    },
    {
        "model": "contenttypes.contenttype",
        "pk": 59,
        "fields": {
            "app_label": "watch",
            "model": "episoderole"
        }
    },
    {
        "model": "contenttypes.contenttype",
        "pk": 60,
        "fields": {
            "app_label": "watch",
            "model": "episodecast"
        }
    },
    {
        "model": "contenttypes.contenttype",
        "pk": 61,
        "fields": {
            "app_label": "watch",
            "model": "watchcheckin"
        }
    },
    {
        "model": "contenttypes.contenttype",
        "pk": 62,
        "fields": {
            "app_label": "activity_feed",
            "model": "block"
        }
    },
    {
        "model": "contenttypes.contenttype",
        "pk": 63,
        "fields": {
            "app_label": "play",
            "model": "work"
        }
    },
    {
        "model": "contenttypes.contenttype",
        "pk": 64,
        "fields": {
            "app_label": "play",
            "model": "workrole"
        }
    },
    {
        "model": "contenttypes.contenttype",
        "pk": 65,
        "fields": {
            "app_label": "write",
            "model": "luvlist"
        }
    },
    {
        "model": "contenttypes.contenttype",
        "pk": 66,
        "fields": {
            "app_label": "write",
            "model": "contentinlist"
        }
    },
    {
        "model": "contenttypes.contenttype",
        "pk": 67,
        "fields": {
            "app_label": "play",
            "model": "gamepublisher"
        }
    },
    {
        "model": "sessions.session",
        "pk": "bo19br7rpew7xo8cnkdiqvxy5qd8zgwb",
        "fields": {
            "session_data": ".eJxVjEEOwiAQRe_C2pCBEZi6dN8zEGBAqoYmpV0Z765NutDtf-_9l_BhW6vfel78xOIilDj9bjGkR2474Htot1mmua3LFOWuyIN2Oc6cn9fD_TuooddvbfS5YEKyLhFYyIiGQUEsMdJgGSNoHAJaIjJZOctKZ6OZnC46gUvi_QG7czbj:1qKOJc:8p_gmcgiikedJr2pMzFxt_2DOaJZIa-Qh9lLe8B7QU0",
            "expire_date": "2023-07-28T19:18:56.175Z"
        }
    },
    {
        "model": "sessions.session",
        "pk": "x4tc9ikci2wb12i2try5dxsqtr3p3d02",
        "fields": {
            "session_data": ".eJxVjEEOwiAQRe_C2pCBEZi6dN8zEGBAqoYmpV0Z765NutDtf-_9l_BhW6vfel78xOIilDj9bjGkR2474Htot1mmua3LFOWuyIN2Oc6cn9fD_TuooddvbfS5YEKyLhFYyIiGQUEsMdJgGSNoHAJaIjJZOctKZ6OZnC46gUvi_QG7czbj:1qFGRU:-g-GCoSgJRjAECV_h7o73pum7D3XvdLk0wN1h3n0CTI",
            "expire_date": "2023-07-14T15:53:52.494Z"
        }
    },
    {
        "model": "sessions.session",
        "pk": "xptoqy6dauprrs2njpd23r0ofsxw5jou",
        "fields": {
            "session_data": ".eJxVjEEOwiAQRe_C2pCBEZi6dN8zEGBAqoYmpV0Z765NutDtf-_9l_BhW6vfel78xOIilDj9bjGkR2474Htot1mmua3LFOWuyIN2Oc6cn9fD_TuooddvbfS5YEKyLhFYyIiGQUEsMdJgGSNoHAJaIjJZOctKZ6OZnC46gUvi_QG7czbj:1qFwx6:AmZQmyyeuVjNWyGhWJtqzg7YdhzZJt2LEtNf1ZSFc3U",
            "expire_date": "2023-07-16T13:17:20.759Z"
        }
    },
    {
        "model": "activity_feed.activity",
        "pk": 1,
        "fields": {
            "user": 1,
            "activity_type": "say",
            "timestamp": "2023-07-05T15:02:08.210Z",
            "content_type": 19,
            "object_id": 1
        }
    },
    {
        "model": "activity_feed.activity",
        "pk": 2,
        "fields": {
            "user": 1,
            "activity_type": "read-check-in",
            "timestamp": "2023-07-05T20:13:44.314Z",
            "content_type": 29,
            "object_id": 2
        }
    },
    {
        "model": "activity_feed.activity",
        "pk": 4,
        "fields": {
            "user": 1,
            "activity_type": "listen-check-in",
            "timestamp": "2023-07-06T15:05:56.641Z",
            "content_type": 43,
            "object_id": 1
        }
    },
    {
        "model": "activity_feed.activity",
        "pk": 5,
        "fields": {
            "user": 1,
            "activity_type": "listen-check-in",
            "timestamp": "2023-07-06T15:23:26.524Z",
            "content_type": 43,
            "object_id": 2
        }
    },
    {
        "model": "activity_feed.activity",
        "pk": 6,
        "fields": {
            "user": 1,
            "activity_type": "listen-check-in",
            "timestamp": "2023-07-07T07:03:54.026Z",
            "content_type": 43,
            "object_id": 5
        }
    },
    {
        "model": "activity_feed.activity",
        "pk": 7,
        "fields": {
            "user": 1,
            "activity_type": "say",
            "timestamp": "2023-07-07T13:55:41.641Z",
            "content_type": 19,
            "object_id": 2
        }
    },
    {
        "model": "activity_feed.activity",
        "pk": 8,
        "fields": {
            "user": 1,
            "activity_type": "listen-check-in",
            "timestamp": "2023-07-07T14:33:55.103Z",
            "content_type": 43,
            "object_id": 6
        }
    },
    {
        "model": "activity_feed.activity",
        "pk": 9,
        "fields": {
            "user": 1,
            "activity_type": "read-check-in",
            "timestamp": "2023-07-08T07:41:21.628Z",
            "content_type": 29,
            "object_id": 4
        }
    },
    {
        "model": "activity_feed.activity",
        "pk": 10,
        "fields": {
            "user": 1,
            "activity_type": "say",
            "timestamp": "2023-07-08T09:55:45.599Z",
            "content_type": 19,
            "object_id": 3
        }
    },
    {
        "model": "activity_feed.activity",
        "pk": 11,
        "fields": {
            "user": 1,
            "activity_type": "say",
            "timestamp": "2023-07-08T18:15:32.472Z",
            "content_type": 19,
            "object_id": 4
        }
    },
    {
        "model": "activity_feed.activity",
        "pk": 12,
        "fields": {
            "user": 1,
            "activity_type": "read-check-in",
            "timestamp": "2023-07-08T18:47:51.408Z",
            "content_type": 29,
            "object_id": 5
        }
    },
    {
        "model": "activity_feed.activity",
        "pk": 13,
        "fields": {
            "user": 1,
            "activity_type": "read-check-in",
            "timestamp": "2023-07-08T20:25:44.542Z",
            "content_type": 29,
            "object_id": 6
        }
    },
    {
        "model": "activity_feed.activity",
        "pk": 14,
        "fields": {
            "user": 1,
            "activity_type": "read-check-in",
            "timestamp": "2023-07-08T20:39:55.057Z",
            "content_type": 29,
            "object_id": 7
        }
    },
    {
        "model": "activity_feed.activity",
        "pk": 15,
        "fields": {
            "user": 1,
            "activity_type": "read-check-in",
            "timestamp": "2023-07-08T22:49:40.509Z",
            "content_type": 29,
            "object_id": 8
        }
    },
    {
        "model": "activity_feed.activity",
        "pk": 16,
        "fields": {
            "user": 1,
            "activity_type": "say",
            "timestamp": "2023-07-09T09:09:54.805Z",
            "content_type": 19,
            "object_id": 5
        }
    },
    {
        "model": "activity_feed.activity",
        "pk": 17,
        "fields": {
            "user": 1,
            "activity_type": "repost",
            "timestamp": "2023-07-09T22:13:20.077Z",
            "content_type": 17,
            "object_id": 1
        }
    },
    {
        "model": "activity_feed.activity",
        "pk": 18,
        "fields": {
            "user": 1,
            "activity_type": "repost",
            "timestamp": "2023-07-10T16:03:48.665Z",
            "content_type": 17,
            "object_id": 2
        }
    },
    {
        "model": "activity_feed.activity",
        "pk": 19,
        "fields": {
            "user": 1,
            "activity_type": "read-check-in",
            "timestamp": "2023-07-11T20:15:47.903Z",
            "content_type": 29,
            "object_id": 13
        }
    },
    {
        "model": "activity_feed.activity",
        "pk": 20,
        "fields": {
            "user": 1,
            "activity_type": "say",
            "timestamp": "2023-07-11T20:17:15.207Z",
            "content_type": 19,
            "object_id": 6
        }
    },
    {
        "model": "activity_feed.activity",
        "pk": 21,
        "fields": {
            "user": 1,
            "activity_type": "pin",
            "timestamp": "2023-07-12T13:26:13.619Z",
            "content_type": 20,
            "object_id": 1
        }
    },
    {
        "model": "activity_feed.activity",
        "pk": 22,
        "fields": {
            "user": 1,
            "activity_type": "say",
            "timestamp": "2023-07-14T06:15:54.460Z",
            "content_type": 19,
            "object_id": 7
        }
    },
    {
        "model": "entity.person",
        "pk": 1,
        "fields": {
            "name": "村上春樹",
            "romanized_name": "Haruki Murakami",
            "note": null,
            "created_at": "2023-07-05T14:40:24.226Z",
            "updated_at": "2023-07-06T14:20:36.908Z",
            "created_by": 1,
            "updated_by": 1,
            "birth_date": "1949.01.12",
            "death_date": null,
            "birth_place": "京都",
            "death_place": null,
            "wikipedia": "https://ja.wikipedia.org/wiki/村上春樹",
            "website": null
        }
    },
    {
        "model": "entity.person",
        "pk": 2,
        "fields": {
            "name": "林家謙",
            "romanized_name": "Terence Lam",
            "note": null,
            "created_at": "2023-07-05T19:28:19.163Z",
            "updated_at": "2023-07-06T14:20:25.842Z",
            "created_by": 1,
            "updated_by": 1,
            "birth_date": "1991.09.03",
            "death_date": null,
            "birth_place": "香港",
            "death_place": null,
            "wikipedia": "https://zh.wikipedia.org/zh-hant/林家謙",
            "website": "https://www.terencelam0903.com"
        }
    },
    {
        "model": "entity.person",
        "pk": 3,
        "fields": {
            "name": "林夕",
            "romanized_name": "Albert Leung",
            "note": null,
            "created_at": "2023-07-05T19:37:05.575Z",
            "updated_at": "2023-07-05T19:37:05.575Z",
            "created_by": 1,
            "updated_by": 1,
            "birth_date": "1961.02.07",
            "death_date": null,
            "birth_place": "Hong Kong",
            "death_place": null,
            "wikipedia": "https://zh.wikipedia.org/zh-hant/林夕",
            "website": null
        }
    },
    {
        "model": "entity.person",
        "pk": 4,
        "fields": {
            "name": "澤日生",
            "romanized_name": "Christopher Chak",
            "note": null,
            "created_at": "2023-07-05T19:38:16.800Z",
            "updated_at": "2023-07-05T19:38:16.800Z",
            "created_by": 1,
            "updated_by": 1,
            "birth_date": "1977",
            "death_date": null,
            "birth_place": null,
            "death_place": null,
            "wikipedia": "https://zh.wikipedia.org/zh-hant/澤日生",
            "website": null
        }
    },
    {
        "model": "entity.person",
        "pk": 5,
        "fields": {
            "name": "Lawrence Block",
            "romanized_name": null,
            "note": null,
            "created_at": "2023-07-05T19:55:06.859Z",
            "updated_at": "2023-07-06T14:21:34.855Z",
            "created_by": 1,
            "updated_by": 1,
            "birth_date": "1938.06.24",
            "death_date": null,
            "birth_place": "Buffalo, New York",
            "death_place": null,
            "wikipedia": "https://en.wikipedia.org/wiki/Lawrence_Block",
            "website": "https://lawrenceblock.com"
        }
    },
    {
        "model": "entity.person",
        "pk": 6,
        "fields": {
            "name": "洪佩瑜",
            "romanized_name": "Pei-Yu Hung",
            "note": null,
            "created_at": "2023-07-06T14:20:13.389Z",
            "updated_at": "2023-07-06T14:20:13.389Z",
            "created_by": 1,
            "updated_by": 1,
            "birth_date": "1990.12.10",
            "death_date": null,
            "birth_place": "高雄",
            "death_place": null,
            "wikipedia": "https://zh.wikipedia.org/zh-hant/洪佩瑜",
            "website": null
        }
    },
    {
        "model": "entity.person",
        "pk": 7,
        "fields": {
            "name": "小寒",
            "romanized_name": null,
            "note": null,
            "created_at": "2023-07-06T14:22:58.628Z",
            "updated_at": "2023-07-06T14:24:22.752Z",
            "created_by": 1,
            "updated_by": 1,
            "birth_date": "?",
            "death_date": null,
            "birth_place": "Singapore",
            "death_place": null,
            "wikipedia": "https://zh.wikipedia.org/zh-hans/小寒_(填詞人)",
            "website": null
        }
    },
    {
        "model": "entity.person",
        "pk": 8,
        "fields": {
            "name": "蔡健雅",
            "romanized_name": "Tanya Chua",
            "note": null,
            "created_at": "2023-07-06T14:24:15.591Z",
            "updated_at": "2023-07-06T14:24:15.591Z",
            "created_by": 1,
            "updated_by": 1,
            "birth_date": "1975.01.28",
            "death_date": null,
            "birth_place": "Singapore",
            "death_place": null,
            "wikipedia": null,
            "website": null
        }
    },
    {
        "model": "entity.person",
        "pk": 9,
        "fields": {
            "name": "李幸倪",
            "romanized_name": "Gin Lee",
            "note": null,
            "created_at": "2023-07-07T06:36:27.950Z",
            "updated_at": "2023-07-07T06:36:27.950Z",
            "created_by": 1,
            "updated_by": 1,
            "birth_date": "1987.08.26",
            "death_date": null,
            "birth_place": "Johor Bahru",
            "death_place": null,
            "wikipedia": "https://zh.wikipedia.org/wiki/李幸倪",
            "website": null
        }
    },
    {
        "model": "entity.person",
        "pk": 10,
        "fields": {
            "name": "徐浩",
            "romanized_name": "Terry Chui",
            "note": null,
            "created_at": "2023-07-07T06:37:41.792Z",
            "updated_at": "2023-07-07T06:37:41.792Z",
            "created_by": 1,
            "updated_by": 1,
            "birth_date": "1982.07.24",
            "death_date": null,
            "birth_place": "香港",
            "death_place": null,
            "wikipedia": "https://zh.wikipedia.org/wiki/徐浩_(歌手)",
            "website": null
        }
    },
    {
        "model": "entity.person",
        "pk": 11,
        "fields": {
            "name": "黃偉文",
            "romanized_name": "Wyman Wong",
            "note": null,
            "created_at": "2023-07-07T06:38:38.134Z",
            "updated_at": "2023-07-07T06:38:38.134Z",
            "created_by": 1,
            "updated_by": 1,
            "birth_date": "1969.05.21",
            "death_date": null,
            "birth_place": "香港",
            "death_place": null,
            "wikipedia": "https://zh.wikipedia.org/wiki/黃偉文",
            "website": null
        }
    },
    {
        "model": "entity.person",
        "pk": 12,
        "fields": {
            "name": "許創基",
            "romanized_name": "Jeffery Hui",
            "note": null,
            "created_at": "2023-07-07T13:05:00.901Z",
            "updated_at": "2023-07-07T13:05:00.901Z",
            "created_by": 1,
            "updated_by": 1,
            "birth_date": "?",
            "death_date": null,
            "birth_place": null,
            "death_place": null,
            "wikipedia": null,
            "website": null
        }
    },
    {
        "model": "entity.person",
        "pk": 13,
        "fields": {
            "name": "Stieg Larsson",
            "romanized_name": null,
            "note": null,
            "created_at": "2023-07-08T22:29:01.506Z",
            "updated_at": "2023-07-08T22:29:01.506Z",
            "created_by": 1,
            "updated_by": 1,
            "birth_date": "1954.08.15",
            "death_date": "2004.11.09",
            "birth_place": "Skelleftehamn",
            "death_place": "Stockholm",
            "wikipedia": "https://sv.wikipedia.org/wiki/Stieg_Larsson",
            "website": null
        }
    },
    {
        "model": "entity.person",
        "pk": 14,
        "fields": {
            "name": "Steven T. Murray",
            "romanized_name": null,
            "note": null,
            "created_at": "2023-07-08T22:33:05.831Z",
            "updated_at": "2023-07-08T22:33:05.831Z",
            "created_by": 1,
            "updated_by": 1,
            "birth_date": "1943",
            "death_date": "2018",
            "birth_place": "Berkeley, California",
            "death_place": null,
            "wikipedia": "https://en.wikipedia.org/wiki/Steven_T._Murray",
            "website": null
        }
    },
    {
        "model": "entity.person",
        "pk": 15,
        "fields": {
            "name": "Val McDermid",
            "romanized_name": null,
            "note": null,
            "created_at": "2023-07-08T22:44:53.283Z",
            "updated_at": "2023-07-08T22:44:53.283Z",
            "created_by": 1,
            "updated_by": 1,
            "birth_date": "1955.06.04",
            "death_date": null,
            "birth_place": "Kirkcaldy, Scotland",
            "death_place": null,
            "wikipedia": "https://en.wikipedia.org/wiki/Val_McDermid",
            "website": null
        }
    },
    {
        "model": "entity.person",
        "pk": 16,
        "fields": {
            "name": "John Truby",
            "romanized_name": null,
            "note": null,
            "created_at": "2023-07-11T18:27:25.835Z",
            "updated_at": "2023-07-11T18:27:25.835Z",
            "created_by": 1,
            "updated_by": 1,
            "birth_date": "1952",
            "death_date": null,
            "birth_place": null,
            "death_place": null,
            "wikipedia": "https://en.wikipedia.org/wiki/John_Truby",
            "website": null
        }
    },
    {
        "model": "entity.person",
        "pk": 17,
        "fields": {
            "name": "Milan Kundera",
            "romanized_name": null,
            "note": null,
            "created_at": "2023-07-12T14:16:10.852Z",
            "updated_at": "2023-07-12T14:16:10.852Z",
            "created_by": 1,
            "updated_by": 1,
            "birth_date": "1929.04.01",
            "death_date": "2023.07.11",
            "birth_place": "Brno",
            "death_place": "Paris",
            "wikipedia": "https://cs.wikipedia.org/wiki/Milan_Kundera",
            "website": null
        }
    },
    {
        "model": "entity.person",
        "pk": 18,
        "fields": {
            "name": "Linda Asher",
            "romanized_name": null,
            "note": null,
            "created_at": "2023-07-12T14:27:14.007Z",
            "updated_at": "2023-07-12T14:27:14.007Z",
            "created_by": 1,
            "updated_by": 1,
            "birth_date": null,
            "death_date": null,
            "birth_place": null,
            "death_place": null,
            "wikipedia": null,
            "website": null
        }
    },
    {
        "model": "entity.person",
        "pk": 19,
        "fields": {
            "name": "Michael Henry Heim",
            "romanized_name": null,
            "note": null,
            "created_at": "2023-07-13T11:28:29.682Z",
            "updated_at": "2023-07-13T11:28:29.682Z",
            "created_by": 1,
            "updated_by": 1,
            "birth_date": "1943.01.21",
            "death_date": "2012.09.29",
            "birth_place": "New York",
            "death_place": "Los Angeles",
            "wikipedia": "https://en.wikipedia.org/wiki/Michael_Henry_Heim",
            "website": null
        }
    },
    {
        "model": "entity.person",
        "pk": 20,
        "fields": {
            "name": "金子茂樹",
            "romanized_name": "Shigeki Kaneko",
            "note": null,
            "created_at": "2023-07-14T06:37:05.266Z",
            "updated_at": "2023-07-14T06:37:05.266Z",
            "created_by": 1,
            "updated_by": 1,
            "birth_date": "1975.07.15",
            "death_date": null,
            "birth_place": "千葉",
            "death_place": null,
            "wikipedia": "https://ja.wikipedia.org/wiki/金子茂樹",
            "website": null
        }
    },
    {
        "model": "entity.person",
        "pk": 21,
        "fields": {
            "name": "菅田将暉",
            "romanized_name": "Masaki Suda",
            "note": null,
            "created_at": "2023-07-14T09:13:14.579Z",
            "updated_at": "2023-07-14T09:13:14.579Z",
            "created_by": 1,
            "updated_by": 1,
            "birth_date": "1993.02.21",
            "death_date": null,
            "birth_place": "大阪",
            "death_place": null,
            "wikipedia": "https://ja.wikipedia.org/wiki/菅田将暉",
            "website": null
        }
    },
    {
        "model": "entity.person",
        "pk": 22,
        "fields": {
            "name": "有村架純",
            "romanized_name": "Kasumi Arimura",
            "note": null,
            "created_at": "2023-07-14T09:14:43.691Z",
            "updated_at": "2023-07-14T09:14:43.691Z",
            "created_by": 1,
            "updated_by": 1,
            "birth_date": "1993.02.13",
            "death_date": null,
            "birth_place": "伊丹",
            "death_place": null,
            "wikipedia": "https://ja.wikipedia.org/wiki/有村架純",
            "website": null
        }
    },
    {
        "model": "entity.person",
        "pk": 23,
        "fields": {
            "name": "神木隆之介",
            "romanized_name": "Ryunosuke Kamiki",
            "note": null,
            "created_at": "2023-07-14T09:17:10.252Z",
            "updated_at": "2023-07-14T09:17:10.252Z",
            "created_by": 1,
            "updated_by": 1,
            "birth_date": "1993.05.19",
            "death_date": null,
            "birth_place": "富士見",
            "death_place": null,
            "wikipedia": "https://ja.wikipedia.org/wiki/神木隆之介",
            "website": null
        }
    },
    {
        "model": "entity.person",
        "pk": 24,
        "fields": {
            "name": "仲野太賀",
            "romanized_name": "Taiga Nakano",
            "note": null,
            "created_at": "2023-07-14T09:18:01.651Z",
            "updated_at": "2023-07-14T09:18:01.651Z",
            "created_by": 1,
            "updated_by": 1,
            "birth_date": "1993.02.07",
            "death_date": null,
            "birth_place": "東京",
            "death_place": null,
            "wikipedia": "https://ja.wikipedia.org/wiki/仲野太賀",
            "website": null
        }
    },
    {
        "model": "entity.person",
        "pk": 25,
        "fields": {
            "name": "古川琴音",
            "romanized_name": "Kotone Furukawa",
            "note": null,
            "created_at": "2023-07-14T09:19:59.418Z",
            "updated_at": "2023-07-14T09:19:59.418Z",
            "created_by": 1,
            "updated_by": 1,
            "birth_date": "1996.10.26",
            "death_date": null,
            "birth_place": "神奈川",
            "death_place": null,
            "wikipedia": "https://ja.wikipedia.org/wiki/古川琴音",
            "website": null
        }
    },
    {
        "model": "entity.person",
        "pk": 26,
        "fields": {
            "name": "土井裕泰",
            "romanized_name": "Nobuhiro Doi",
            "note": null,
            "created_at": "2023-07-14T09:23:13.356Z",
            "updated_at": "2023-07-14T09:23:13.356Z",
            "created_by": 1,
            "updated_by": 1,
            "birth_date": "1964.04.11",
            "death_date": null,
            "birth_place": "広島",
            "death_place": null,
            "wikipedia": "https://ja.wikipedia.org/wiki/土井裕泰",
            "website": null
        }
    },
    {
        "model": "entity.person",
        "pk": 27,
        "fields": {
            "name": "坂元裕二",
            "romanized_name": "Yuji Sakamoto",
            "note": null,
            "created_at": "2023-07-14T09:24:15.580Z",
            "updated_at": "2023-07-14T09:24:15.580Z",
            "created_by": 1,
            "updated_by": 1,
            "birth_date": "1967.05.12",
            "death_date": null,
            "birth_place": "大阪",
            "death_place": null,
            "wikipedia": "https://ja.wikipedia.org/wiki/坂元裕二",
            "website": null
        }
    },
    {
        "model": "entity.person",
        "pk": 28,
        "fields": {
            "name": "鈴木浩介",
            "romanized_name": "Kosuke Suzuki",
            "note": null,
            "created_at": "2023-07-14T11:01:34.695Z",
            "updated_at": "2023-07-14T11:01:34.695Z",
            "created_by": 1,
            "updated_by": 1,
            "birth_date": "1974.11.29",
            "death_date": null,
            "birth_place": null,
            "death_place": null,
            "wikipedia": "https://ja.wikipedia.org/wiki/鈴木浩介_(俳優)",
            "website": null
        }
    },
    {
        "model": "entity.person",
        "pk": 29,
        "fields": {
            "name": "丸戸史明",
            "romanized_name": "Fumiaki Maruto",
            "note": null,
            "created_at": "2023-07-14T13:00:23.243Z",
            "updated_at": "2023-07-14T13:00:23.243Z",
            "created_by": 1,
            "updated_by": 1,
            "birth_date": "????.12.10",
            "death_date": null,
            "birth_place": null,
            "death_place": null,
            "wikipedia": "https://ja.wikipedia.org/wiki/丸戸史明",
            "website": null
        }
    },
    {
        "model": "entity.person",
        "pk": 30,
        "fields": {
            "name": "なかむらたけし",
            "romanized_name": "Takeshi Nakamura",
            "note": null,
            "created_at": "2023-07-14T13:20:26.163Z",
            "updated_at": "2023-07-14T13:20:26.163Z",
            "created_by": 1,
            "updated_by": 1,
            "birth_date": "1972.07.15",
            "death_date": null,
            "birth_place": "神奈川",
            "death_place": null,
            "wikipedia": "https://ja.wikipedia.org/wiki/なかむらたけし",
            "website": null
        }
    },
    {
        "model": "entity.role",
        "pk": 1,
        "fields": {
            "name": "Author",
            "domain": "read"
        }
    },
    {
        "model": "entity.role",
        "pk": 2,
        "fields": {
            "name": "Singer",
            "domain": "listen"
        }
    },
    {
        "model": "entity.role",
        "pk": 3,
        "fields": {
            "name": "Lyricist",
            "domain": "listen"
        }
    },
    {
        "model": "entity.role",
        "pk": 4,
        "fields": {
            "name": "Composer",
            "domain": "listen"
        }
    },
    {
        "model": "entity.role",
        "pk": 5,
        "fields": {
            "name": "Producer",
            "domain": "listen"
        }
    },
    {
        "model": "entity.role",
        "pk": 6,
        "fields": {
            "name": "Arranger",
            "domain": "listen"
        }
    },
    {
        "model": "entity.role",
        "pk": 7,
        "fields": {
            "name": "Translator",
            "domain": "read"
        }
    },
    {
        "model": "entity.role",
        "pk": 8,
        "fields": {
            "name": "Introduction",
            "domain": "read"
        }
    },
    {
        "model": "entity.role",
        "pk": 9,
        "fields": {
            "name": "Writer",
            "domain": "watch"
        }
    },
    {
        "model": "entity.role",
        "pk": 10,
        "fields": {
            "name": "Actor",
            "domain": "watch"
        }
    },
    {
        "model": "entity.role",
        "pk": 11,
        "fields": {
            "name": "Actress",
            "domain": "watch"
        }
    },
    {
        "model": "entity.role",
        "pk": 12,
        "fields": {
            "name": "Director",
            "domain": "watch"
        }
    },
    {
        "model": "entity.role",
        "pk": 16,
        "fields": {
            "name": "Writer",
            "domain": "play"
        }
    },
    {
        "model": "entity.role",
        "pk": 17,
        "fields": {
            "name": "Artist",
            "domain": "play"
        }
    },
    {
        "model": "write.tag",
        "pk": 1,
        "fields": {
            "name": "LuvDBProgress"
        }
    },
    {
        "model": "write.tag",
        "pk": 2,
        "fields": {
            "name": "LuvDBToDo"
        }
    },
    {
        "model": "write.tag",
        "pk": 3,
        "fields": {
            "name": "Obituary"
        }
    },
    {
        "model": "write.repost",
        "pk": 1,
        "fields": {
            "original_activity": 16,
            "user": 1,
            "content": "One idea: private club through some tagging systems, similar to hashtag(`#`) and mention (`@`). Let’s say we use `&`, first we create a private club with a unique club name, then we start a check-in with `&clubname`, this check-in will not show up in the public all check-in list or your personal check-in list, but will only be in the club detail page, which aggregates all check-ins started with the same club tag from all users.",
            "timestamp": "2023-07-09T22:13:20.071Z",
            "comments_enabled": true,
            "content_type": 19,
            "object_id": 5,
            "tags": []
        }
    },
    {
        "model": "write.repost",
        "pk": 2,
        "fields": {
            "original_activity": 17,
            "user": 1,
            "content": "The more I think about it, the less likely it is to happen. Tracking solo reading and tracking group reading are distinct modes that require different products. Having both would dilute their effectiveness. Also, I'm not fond of the idea of private circles on the site. Everything should be discoverable, if not easily.",
            "timestamp": "2023-07-10T16:03:48.661Z",
            "comments_enabled": true,
            "content_type": 17,
            "object_id": 1,
            "tags": []
        }
    },
    {
        "model": "write.say",
        "pk": 1,
        "fields": {
            "content": "Hello, world!",
            "user": 1,
            "timestamp": "2023-07-05T15:02:08.204Z",
            "comments_enabled": true,
            "tags": []
        }
    },
    {
        "model": "write.say",
        "pk": 2,
        "fields": {
            "content": "`Read` and `Listen` are in pretty good shape now,  at least I haven't found too many deficits so far (but there must be some, devils are always in the details). `Watch` is not finished (still need some more work to aggregate all episode casts infos into the Series page). `Play` is also just half-done, there are still some details to consider, mainly, how to deal with different versions? #LuvDBProgress",
            "user": 1,
            "timestamp": "2023-07-07T13:55:41.638Z",
            "comments_enabled": true,
            "tags": [
                1
            ]
        }
    },
    {
        "model": "write.say",
        "pk": 3,
        "fields": {
            "content": "I added a `Trending` section to the Read [Recent page](https://luvdb.com/read/recent/). The only metrics for trending or not is the count of check-ins a book or a periodical issue has. But is it even a good idea to have a trending section? Now think about it, It doesn't really make much sense to list something as trending when the community is very small. #LuvDBProgress",
            "user": 1,
            "timestamp": "2023-07-08T09:55:45.593Z",
            "comments_enabled": true,
            "tags": [
                1
            ]
        }
    },
    {
        "model": "write.say",
        "pk": 4,
        "fields": {
            "content": "Added Un/Block and Export User data, both are rudimentary but the basics are there. #LuvDBProgress",
            "user": 1,
            "timestamp": "2023-07-08T18:15:32.465Z",
            "comments_enabled": true,
            "tags": [
                1
            ]
        }
    },
    {
        "model": "write.say",
        "pk": 5,
        "fields": {
            "content": "Out of all the Goodreads alternatives, the one I like the most is [Italic-Type](italictype.com) because it offers a unique feature that no one else has: the ability to start a private book club for every book. \r\n\r\nIn essence, the check-in feature we have is actually a passive-aggressive / sociophobic (yet still want to be seen) variant of what Italic-Type did with real-time chat. After all, reading is a lone deed most of the time. But I do see the value of \"reading together (non-publicly)\".\r\n\r\nMaybe I will also implement something similar, but probably not a realtime chat app (the tech is there but still not perfect or easy to just plug in and use afaik).  #LuvDBToDo",
            "user": 1,
            "timestamp": "2023-07-09T09:09:54.799Z",
            "comments_enabled": true,
            "tags": [
                2
            ]
        }
    },
    {
        "model": "write.say",
        "pk": 6,
        "fields": {
            "content": "I constantly find myself in the habit of reading too many books at the same time but not finishing any of them, and ChatGPT told me that this behavior is called \"book polygamy\"...",
            "user": 1,
            "timestamp": "2023-07-11T20:17:15.204Z",
            "comments_enabled": true,
            "tags": []
        }
    },
    {
        "model": "write.say",
        "pk": 7,
        "fields": {
            "content": "Added LuvList, a DouList equivalent. What's still lacking is to add items to a list from their page, but not sure how to do it smoothly without (a lot of) JS. Maybe I will just keep it as simple as it is now. #LuvDBProgress",
            "user": 1,
            "timestamp": "2023-07-14T06:15:54.457Z",
            "comments_enabled": true,
            "tags": [
                1
            ]
        }
    },
    {
        "model": "write.pin",
        "pk": 1,
        "fields": {
            "title": "Milan Kundera, Czech Literary Star and Communist Party Outcast, Dies at 94",
            "url": "https://www.nytimes.com/2023/07/12/world/europe/milan-kundera-dead.html",
            "content": "#Obituary\r\n\r\nConfession: I have never read a Kundera novel. Surely, I have heard a lot about him since he was quite popular in China back in the day. I even owned a few Chinese translations of his books but never started reading them. Since my twenties, I have felt reluctant to read translated books. Partly due to my own translation work, I know how generally poor Chinese translations can be. Translators typically work under time pressure and are underpaid. I told myself that one day I would read all the books worth reading in their original language. However, now that I am older, I also know it's quite unrealistic. I might be able to learn one or more languages other than English and Japanese, but achieving reading fluency in multiple languages is difficult. I can't even bring myself to read German literature after two years of learning. Certainly, I won't be able to read Czech in ten or twenty years. Or French. Maybe I should just settle with the language I already know.",
            "user": 1,
            "timestamp": "2023-07-12T13:26:13.609Z",
            "comments_enabled": true,
            "tags": [
                3
            ]
        }
    },
    {
        "model": "read.publisher",
        "pk": 1,
        "fields": {
            "name": "講談社",
            "romanized_name": "Kodansha Ltd.",
            "note": null,
            "created_at": "2023-07-05T14:45:03.046Z",
            "updated_at": "2023-07-05T14:45:03.046Z",
            "created_by": 1,
            "updated_by": 1,
            "history": "",
            "location": "東京",
            "website": null,
            "founded_date": "1909",
            "closed_date": null
        }
    },
    {
        "model": "read.publisher",
        "pk": 2,
        "fields": {
            "name": "LB Productions",
            "romanized_name": null,
            "note": null,
            "created_at": "2023-07-05T19:58:44.813Z",
            "updated_at": "2023-07-05T19:58:44.813Z",
            "created_by": 1,
            "updated_by": 1,
            "history": "",
            "location": null,
            "website": null,
            "founded_date": null,
            "closed_date": null
        }
    },
    {
        "model": "read.publisher",
        "pk": 3,
        "fields": {
            "name": "新潮社",
            "romanized_name": "SHINCHOSHA Publishing Co.,Ltd.",
            "note": null,
            "created_at": "2023-07-06T13:29:16.172Z",
            "updated_at": "2023-07-06T13:29:16.172Z",
            "created_by": 1,
            "updated_by": 1,
            "history": "",
            "location": "東京",
            "website": "https://www.shinchosha.co.jp/",
            "founded_date": "1896.07",
            "closed_date": null
        }
    },
    {
        "model": "read.publisher",
        "pk": 4,
        "fields": {
            "name": "文藝春秋",
            "romanized_name": "Bungeishunju Ltd.",
            "note": null,
            "created_at": "2023-07-07T12:49:27.097Z",
            "updated_at": "2023-07-07T12:50:05.846Z",
            "created_by": 1,
            "updated_by": 1,
            "history": "",
            "location": "東京",
            "website": null,
            "founded_date": "1923.01",
            "closed_date": null
        }
    },
    {
        "model": "read.publisher",
        "pk": 5,
        "fields": {
            "name": "MacLehose Press",
            "romanized_name": null,
            "note": null,
            "created_at": "2023-07-08T22:38:59.641Z",
            "updated_at": "2023-07-08T22:38:59.641Z",
            "created_by": 1,
            "updated_by": 1,
            "history": "",
            "location": null,
            "website": "https://www.maclehosepress.com",
            "founded_date": null,
            "closed_date": null
        }
    },
    {
        "model": "read.publisher",
        "pk": 6,
        "fields": {
            "name": "Farrar, Straus and Giroux",
            "romanized_name": null,
            "note": null,
            "created_at": "2023-07-11T18:31:11.035Z",
            "updated_at": "2023-07-11T18:31:11.035Z",
            "created_by": 1,
            "updated_by": 1,
            "history": "",
            "location": null,
            "website": "https://us.macmillan.com/fsg/",
            "founded_date": null,
            "closed_date": null
        }
    },
    {
        "model": "read.publisher",
        "pk": 7,
        "fields": {
            "name": "Picador",
            "romanized_name": null,
            "note": null,
            "created_at": "2023-07-11T18:37:32.900Z",
            "updated_at": "2023-07-11T18:37:32.900Z",
            "created_by": 1,
            "updated_by": 1,
            "history": "https://en.wikipedia.org/wiki/Picador_(imprint)",
            "location": "London",
            "website": "https://www.panmacmillan.com/picador",
            "founded_date": null,
            "closed_date": null
        }
    },
    {
        "model": "read.publisher",
        "pk": 8,
        "fields": {
            "name": "Faber & Faber",
            "romanized_name": null,
            "note": null,
            "created_at": "2023-07-12T14:29:54.559Z",
            "updated_at": "2023-07-12T14:29:54.559Z",
            "created_by": 1,
            "updated_by": 1,
            "history": "",
            "location": null,
            "website": "https://www.faber.co.uk",
            "founded_date": null,
            "closed_date": null
        }
    },
    {
        "model": "read.work",
        "pk": 1,
        "fields": {
            "title": "風の歌を聴け",
            "subtitle": null,
            "publication_date": "1979.05",
            "language": "ja",
            "work_type": "NO",
            "created_at": "2023-07-05T14:42:23.313Z",
            "updated_at": "2023-07-05T14:42:23.331Z",
            "created_by": 1,
            "updated_by": 1
        }
    },
    {
        "model": "read.work",
        "pk": 2,
        "fields": {
            "title": "The Autobiography of Matthew Scudder",
            "subtitle": null,
            "publication_date": "2023.06.24",
            "language": "en",
            "work_type": "NO",
            "created_at": "2023-07-05T19:57:15.554Z",
            "updated_at": "2023-07-05T19:57:15.571Z",
            "created_by": 1,
            "updated_by": 1
        }
    },
    {
        "model": "read.work",
        "pk": 3,
        "fields": {
            "title": "1973年のピンボール",
            "subtitle": null,
            "publication_date": "1980.02",
            "language": "ja",
            "work_type": "NO",
            "created_at": "2023-07-06T13:17:20.033Z",
            "updated_at": "2023-07-06T13:17:20.055Z",
            "created_by": 1,
            "updated_by": 1
        }
    },
    {
        "model": "read.work",
        "pk": 4,
        "fields": {
            "title": "羊をめぐる冒険",
            "subtitle": null,
            "publication_date": "1982.07",
            "language": "ja",
            "work_type": "NO",
            "created_at": "2023-07-06T13:22:30.785Z",
            "updated_at": "2023-07-06T13:22:30.805Z",
            "created_by": 1,
            "updated_by": 1
        }
    },
    {
        "model": "read.work",
        "pk": 5,
        "fields": {
            "title": "世界の終りとハードボイルド・ワンダーランド",
            "subtitle": null,
            "publication_date": "1985.06.15",
            "language": "ja",
            "work_type": "NO",
            "created_at": "2023-07-06T13:26:26.231Z",
            "updated_at": "2023-07-06T13:26:26.258Z",
            "created_by": 1,
            "updated_by": 1
        }
    },
    {
        "model": "read.work",
        "pk": 6,
        "fields": {
            "title": "ノルウェイの森",
            "subtitle": null,
            "publication_date": "1987.09.04",
            "language": "ja",
            "work_type": "NO",
            "created_at": "2023-07-06T13:33:13.383Z",
            "updated_at": "2023-07-06T13:33:13.396Z",
            "created_by": 1,
            "updated_by": 1
        }
    },
    {
        "model": "read.work",
        "pk": 7,
        "fields": {
            "title": "ダンス・ダンス・ダンス",
            "subtitle": null,
            "publication_date": "1988.10.13",
            "language": "ja",
            "work_type": "NO",
            "created_at": "2023-07-06T13:36:55.434Z",
            "updated_at": "2023-07-06T13:36:55.458Z",
            "created_by": 1,
            "updated_by": 1
        }
    },
    {
        "model": "read.work",
        "pk": 8,
        "fields": {
            "title": "国境の南、太陽の西",
            "subtitle": null,
            "publication_date": "1992.10.05",
            "language": "ja",
            "work_type": "NO",
            "created_at": "2023-07-06T13:54:25.613Z",
            "updated_at": "2023-07-06T13:54:25.627Z",
            "created_by": 1,
            "updated_by": 1
        }
    },
    {
        "model": "read.work",
        "pk": 9,
        "fields": {
            "title": "ねじまき鳥クロニクル",
            "subtitle": null,
            "publication_date": "1994.04.12",
            "language": "ja",
            "work_type": "NO",
            "created_at": "2023-07-07T12:25:46.088Z",
            "updated_at": "2023-07-07T12:25:46.109Z",
            "created_by": 1,
            "updated_by": 1
        }
    },
    {
        "model": "read.work",
        "pk": 10,
        "fields": {
            "title": "スプートニクの恋人",
            "subtitle": null,
            "publication_date": "1999.04.20",
            "language": "ja",
            "work_type": "NO",
            "created_at": "2023-07-07T12:29:32.512Z",
            "updated_at": "2023-07-07T12:29:32.527Z",
            "created_by": 1,
            "updated_by": 1
        }
    },
    {
        "model": "read.work",
        "pk": 11,
        "fields": {
            "title": "海辺のカフカ",
            "subtitle": null,
            "publication_date": "2002.09.10",
            "language": "ja",
            "work_type": "NO",
            "created_at": "2023-07-07T12:32:16.902Z",
            "updated_at": "2023-07-07T12:32:16.916Z",
            "created_by": 1,
            "updated_by": 1
        }
    },
    {
        "model": "read.work",
        "pk": 12,
        "fields": {
            "title": "アフターダーク",
            "subtitle": null,
            "publication_date": "2004.09.07",
            "language": "ja",
            "work_type": "NO",
            "created_at": "2023-07-07T12:35:34.442Z",
            "updated_at": "2023-07-07T12:35:34.458Z",
            "created_by": 1,
            "updated_by": 1
        }
    },
    {
        "model": "read.work",
        "pk": 13,
        "fields": {
            "title": "1Q84",
            "subtitle": null,
            "publication_date": "2009.05.30",
            "language": "ja",
            "work_type": "NO",
            "created_at": "2023-07-07T12:38:55.173Z",
            "updated_at": "2023-07-07T12:38:55.194Z",
            "created_by": 1,
            "updated_by": 1
        }
    },
    {
        "model": "read.work",
        "pk": 14,
        "fields": {
            "title": "色彩を持たない多崎つくると、彼の巡礼の年",
            "subtitle": null,
            "publication_date": "2013.04.12",
            "language": "ja",
            "work_type": "NO",
            "created_at": "2023-07-07T12:47:49.082Z",
            "updated_at": "2023-07-07T12:47:49.167Z",
            "created_by": 1,
            "updated_by": 1
        }
    },
    {
        "model": "read.work",
        "pk": 15,
        "fields": {
            "title": "騎士団長殺し",
            "subtitle": null,
            "publication_date": "2017.02.24",
            "language": "ja",
            "work_type": "NO",
            "created_at": "2023-07-07T12:53:17.831Z",
            "updated_at": "2023-07-07T12:53:17.846Z",
            "created_by": 1,
            "updated_by": 1
        }
    },
    {
        "model": "read.work",
        "pk": 16,
        "fields": {
            "title": "街とその不確かな壁",
            "subtitle": null,
            "publication_date": "2023.04.13",
            "language": "ja",
            "work_type": "NO",
            "created_at": "2023-07-07T12:56:54.662Z",
            "updated_at": "2023-07-07T12:56:54.681Z",
            "created_by": 1,
            "updated_by": 1
        }
    },
    {
        "model": "read.work",
        "pk": 17,
        "fields": {
            "title": "A Writer Prepares",
            "subtitle": null,
            "publication_date": "2021.06.24",
            "language": "en",
            "work_type": "ME",
            "created_at": "2023-07-08T18:36:28.412Z",
            "updated_at": "2023-07-11T14:18:06.581Z",
            "created_by": 1,
            "updated_by": 1
        }
    },
    {
        "model": "read.work",
        "pk": 18,
        "fields": {
            "title": "Män som hatar kvinnor",
            "subtitle": null,
            "publication_date": "2005.08",
            "language": "sv",
            "work_type": "NO",
            "created_at": "2023-07-08T22:30:14.801Z",
            "updated_at": "2023-07-08T22:30:14.823Z",
            "created_by": 1,
            "updated_by": 1
        }
    },
    {
        "model": "read.work",
        "pk": 19,
        "fields": {
            "title": "The Anatomy of Genres",
            "subtitle": "How Story Forms Explain the Way the World Works",
            "publication_date": "2022.11.29",
            "language": "en",
            "work_type": "OT",
            "created_at": "2023-07-11T18:39:09.721Z",
            "updated_at": "2023-07-11T18:39:09.739Z",
            "created_by": 1,
            "updated_by": 1
        }
    },
    {
        "model": "read.work",
        "pk": 20,
        "fields": {
            "title": "The Anatomy of Story",
            "subtitle": "22 Steps to Becoming a Master Storyteller",
            "publication_date": "2008.10.14",
            "language": "en",
            "work_type": "OT",
            "created_at": "2023-07-11T18:41:00.729Z",
            "updated_at": "2023-07-11T18:41:00.751Z",
            "created_by": 1,
            "updated_by": 1
        }
    },
    {
        "model": "read.work",
        "pk": 21,
        "fields": {
            "title": "La fête de l'insignifiance",
            "subtitle": null,
            "publication_date": "2014.04.03",
            "language": "fr",
            "work_type": "NO",
            "created_at": "2023-07-12T14:23:02.768Z",
            "updated_at": "2023-07-12T14:27:55.498Z",
            "created_by": 1,
            "updated_by": 1
        }
    },
    {
        "model": "read.work",
        "pk": 22,
        "fields": {
            "title": "Žert",
            "subtitle": null,
            "publication_date": "1967",
            "language": "cs",
            "work_type": "NO",
            "created_at": "2023-07-13T11:23:11.552Z",
            "updated_at": "2023-07-13T11:23:11.567Z",
            "created_by": 1,
            "updated_by": 1
        }
    },
    {
        "model": "read.work",
        "pk": 23,
        "fields": {
            "title": "Život je jinde",
            "subtitle": null,
            "publication_date": "1973",
            "language": "cs",
            "work_type": "NO",
            "created_at": "2023-07-13T11:32:45.146Z",
            "updated_at": "2023-07-13T11:32:45.167Z",
            "created_by": 1,
            "updated_by": 1
        }
    },
    {
        "model": "read.work",
        "pk": 24,
        "fields": {
            "title": "Kniha smíchu a zapomnění",
            "subtitle": null,
            "publication_date": "1979",
            "language": "cs",
            "work_type": "NO",
            "created_at": "2023-07-13T11:33:36.469Z",
            "updated_at": "2023-07-13T11:33:36.484Z",
            "created_by": 1,
            "updated_by": 1
        }
    },
    {
        "model": "read.work",
        "pk": 25,
        "fields": {
            "title": "Nesnesitelná lehkost bytí",
            "subtitle": null,
            "publication_date": "1984",
            "language": "cs",
            "work_type": "NO",
            "created_at": "2023-07-13T11:34:17.704Z",
            "updated_at": "2023-07-13T11:34:17.725Z",
            "created_by": 1,
            "updated_by": 1
        }
    },
    {
        "model": "read.work",
        "pk": 26,
        "fields": {
            "title": "Nesmrtelnost",
            "subtitle": null,
            "publication_date": "1990",
            "language": "cs",
            "work_type": "NO",
            "created_at": "2023-07-13T11:34:55.108Z",
            "updated_at": "2023-07-13T11:34:55.125Z",
            "created_by": 1,
            "updated_by": 1
        }
    },
    {
        "model": "read.work",
        "pk": 27,
        "fields": {
            "title": "L'Identité",
            "subtitle": null,
            "publication_date": "1998",
            "language": "fr",
            "work_type": "NO",
            "created_at": "2023-07-13T11:36:34.330Z",
            "updated_at": "2023-07-13T11:36:34.351Z",
            "created_by": 1,
            "updated_by": 1
        }
    },
    {
        "model": "read.work",
        "pk": 28,
        "fields": {
            "title": "L'ignorance",
            "subtitle": null,
            "publication_date": "2000",
            "language": "fr",
            "work_type": "NO",
            "created_at": "2023-07-13T11:37:09.697Z",
            "updated_at": "2023-07-13T11:37:09.717Z",
            "created_by": 1,
            "updated_by": 1
        }
    },
    {
        "model": "read.workrole",
        "pk": 1,
        "fields": {
            "work": 1,
            "person": 1,
            "role": 1
        }
    },
    {
        "model": "read.workrole",
        "pk": 2,
        "fields": {
            "work": 2,
            "person": 5,
            "role": 1
        }
    },
    {
        "model": "read.workrole",
        "pk": 3,
        "fields": {
            "work": 3,
            "person": 1,
            "role": 1
        }
    },
    {
        "model": "read.workrole",
        "pk": 4,
        "fields": {
            "work": 4,
            "person": 1,
            "role": 1
        }
    },
    {
        "model": "read.workrole",
        "pk": 5,
        "fields": {
            "work": 5,
            "person": 1,
            "role": 1
        }
    },
    {
        "model": "read.workrole",
        "pk": 6,
        "fields": {
            "work": 6,
            "person": 1,
            "role": 1
        }
    },
    {
        "model": "read.workrole",
        "pk": 7,
        "fields": {
            "work": 7,
            "person": 1,
            "role": 1
        }
    },
    {
        "model": "read.workrole",
        "pk": 8,
        "fields": {
            "work": 8,
            "person": 1,
            "role": 1
        }
    },
    {
        "model": "read.workrole",
        "pk": 9,
        "fields": {
            "work": 9,
            "person": 1,
            "role": 1
        }
    },
    {
        "model": "read.workrole",
        "pk": 10,
        "fields": {
            "work": 10,
            "person": 1,
            "role": 1
        }
    },
    {
        "model": "read.workrole",
        "pk": 11,
        "fields": {
            "work": 11,
            "person": 1,
            "role": 1
        }
    },
    {
        "model": "read.workrole",
        "pk": 12,
        "fields": {
            "work": 12,
            "person": 1,
            "role": 1
        }
    },
    {
        "model": "read.workrole",
        "pk": 13,
        "fields": {
            "work": 13,
            "person": 1,
            "role": 1
        }
    },
    {
        "model": "read.workrole",
        "pk": 14,
        "fields": {
            "work": 14,
            "person": 1,
            "role": 1
        }
    },
    {
        "model": "read.workrole",
        "pk": 15,
        "fields": {
            "work": 15,
            "person": 1,
            "role": 1
        }
    },
    {
        "model": "read.workrole",
        "pk": 16,
        "fields": {
            "work": 16,
            "person": 1,
            "role": 1
        }
    },
    {
        "model": "read.workrole",
        "pk": 17,
        "fields": {
            "work": 17,
            "person": 5,
            "role": 1
        }
    },
    {
        "model": "read.workrole",
        "pk": 18,
        "fields": {
            "work": 18,
            "person": 13,
            "role": 1
        }
    },
    {
        "model": "read.workrole",
        "pk": 19,
        "fields": {
            "work": 19,
            "person": 16,
            "role": 1
        }
    },
    {
        "model": "read.workrole",
        "pk": 20,
        "fields": {
            "work": 20,
            "person": 16,
            "role": 1
        }
    },
    {
        "model": "read.workrole",
        "pk": 21,
        "fields": {
            "work": 21,
            "person": 17,
            "role": 1
        }
    },
    {
        "model": "read.workrole",
        "pk": 22,
        "fields": {
            "work": 22,
            "person": 17,
            "role": 1
        }
    },
    {
        "model": "read.workrole",
        "pk": 23,
        "fields": {
            "work": 23,
            "person": 17,
            "role": 1
        }
    },
    {
        "model": "read.workrole",
        "pk": 24,
        "fields": {
            "work": 24,
            "person": 17,
            "role": 1
        }
    },
    {
        "model": "read.workrole",
        "pk": 25,
        "fields": {
            "work": 25,
            "person": 17,
            "role": 1
        }
    },
    {
        "model": "read.workrole",
        "pk": 26,
        "fields": {
            "work": 26,
            "person": 17,
            "role": 1
        }
    },
    {
        "model": "read.workrole",
        "pk": 27,
        "fields": {
            "work": 27,
            "person": 17,
            "role": 1
        }
    },
    {
        "model": "read.workrole",
        "pk": 28,
        "fields": {
            "work": 28,
            "person": 17,
            "role": 1
        }
    },
    {
        "model": "read.instance",
        "pk": 1,
        "fields": {
            "title": "風の歌を聴け",
            "subtitle": null,
            "work": 1,
            "publication_date": "1979.05",
            "language": "ja",
            "edition": null,
            "created_at": "2023-07-05T14:43:41.074Z",
            "updated_at": "2023-07-05T14:43:41.092Z",
            "created_by": 1,
            "updated_by": 1
        }
    },
    {
        "model": "read.instance",
        "pk": 2,
        "fields": {
            "title": "The Autobiography of Matthew Scudder",
            "subtitle": null,
            "work": 2,
            "publication_date": "2023.06.24",
            "language": "en",
            "edition": null,
            "created_at": "2023-07-05T19:57:47.521Z",
            "updated_at": "2023-07-05T19:57:47.536Z",
            "created_by": 1,
            "updated_by": 1
        }
    },
    {
        "model": "read.instance",
        "pk": 3,
        "fields": {
            "title": "1973年のピンボール",
            "subtitle": null,
            "work": 3,
            "publication_date": "1980.02",
            "language": "ja",
            "edition": null,
            "created_at": "2023-07-06T13:17:46.692Z",
            "updated_at": "2023-07-06T13:17:46.709Z",
            "created_by": 1,
            "updated_by": 1
        }
    },
    {
        "model": "read.instance",
        "pk": 4,
        "fields": {
            "title": "羊をめぐる冒険",
            "subtitle": null,
            "work": 4,
            "publication_date": "1982.07",
            "language": "ja",
            "edition": null,
            "created_at": "2023-07-06T13:23:35.333Z",
            "updated_at": "2023-07-06T13:23:35.355Z",
            "created_by": 1,
            "updated_by": 1
        }
    },
    {
        "model": "read.instance",
        "pk": 5,
        "fields": {
            "title": "世界の終りとハードボイルド・ワンダーランド",
            "subtitle": null,
            "work": 5,
            "publication_date": "1985.06.15",
            "language": "ja",
            "edition": null,
            "created_at": "2023-07-06T13:26:48.570Z",
            "updated_at": "2023-07-06T13:26:48.584Z",
            "created_by": 1,
            "updated_by": 1
        }
    },
    {
        "model": "read.instance",
        "pk": 6,
        "fields": {
            "title": "ノルウェイの森",
            "subtitle": null,
            "work": 6,
            "publication_date": "1987.09.04",
            "language": "ja",
            "edition": null,
            "created_at": "2023-07-06T13:33:59.643Z",
            "updated_at": "2023-07-06T13:33:59.660Z",
            "created_by": 1,
            "updated_by": 1
        }
    },
    {
        "model": "read.instance",
        "pk": 7,
        "fields": {
            "title": "ダンス・ダンス・ダンス",
            "subtitle": null,
            "work": 7,
            "publication_date": "1988.10.13",
            "language": "ja",
            "edition": null,
            "created_at": "2023-07-06T13:37:20.775Z",
            "updated_at": "2023-07-06T13:37:20.796Z",
            "created_by": 1,
            "updated_by": 1
        }
    },
    {
        "model": "read.instance",
        "pk": 8,
        "fields": {
            "title": "国境の南、太陽の西",
            "subtitle": null,
            "work": 8,
            "publication_date": "1992.10.05",
            "language": "ja",
            "edition": null,
            "created_at": "2023-07-06T13:58:51.003Z",
            "updated_at": "2023-07-06T13:58:51.027Z",
            "created_by": 1,
            "updated_by": 1
        }
    },
    {
        "model": "read.instance",
        "pk": 9,
        "fields": {
            "title": "ねじまき鳥クロニクル",
            "subtitle": null,
            "work": 9,
            "publication_date": "1994.04.12",
            "language": "ja",
            "edition": null,
            "created_at": "2023-07-07T12:26:15.590Z",
            "updated_at": "2023-07-07T12:26:15.610Z",
            "created_by": 1,
            "updated_by": 1
        }
    },
    {
        "model": "read.instance",
        "pk": 10,
        "fields": {
            "title": "スプートニクの恋人",
            "subtitle": null,
            "work": 10,
            "publication_date": "1999.04.20",
            "language": "ja",
            "edition": null,
            "created_at": "2023-07-07T12:30:00.358Z",
            "updated_at": "2023-07-07T12:30:00.376Z",
            "created_by": 1,
            "updated_by": 1
        }
    },
    {
        "model": "read.instance",
        "pk": 11,
        "fields": {
            "title": "海辺のカフカ",
            "subtitle": null,
            "work": 11,
            "publication_date": "2002.09.10",
            "language": "ja",
            "edition": null,
            "created_at": "2023-07-07T12:32:45.579Z",
            "updated_at": "2023-07-07T12:32:45.652Z",
            "created_by": 1,
            "updated_by": 1
        }
    },
    {
        "model": "read.instance",
        "pk": 12,
        "fields": {
            "title": "アフターダーク",
            "subtitle": null,
            "work": 12,
            "publication_date": "2004.09.07",
            "language": "ja",
            "edition": null,
            "created_at": "2023-07-07T12:35:59.393Z",
            "updated_at": "2023-07-07T12:35:59.416Z",
            "created_by": 1,
            "updated_by": 1
        }
    },
    {
        "model": "read.instance",
        "pk": 13,
        "fields": {
            "title": "1Q84",
            "subtitle": null,
            "work": 13,
            "publication_date": "2009.05.30",
            "language": "ja",
            "edition": null,
            "created_at": "2023-07-07T12:39:21.518Z",
            "updated_at": "2023-07-07T12:39:21.540Z",
            "created_by": 1,
            "updated_by": 1
        }
    },
    {
        "model": "read.instance",
        "pk": 14,
        "fields": {
            "title": "色彩を持たない多崎つくると、彼の巡礼の年",
            "subtitle": null,
            "work": 14,
            "publication_date": "2013.04.12",
            "language": "ja",
            "edition": null,
            "created_at": "2023-07-07T12:48:13.770Z",
            "updated_at": "2023-07-07T12:48:13.799Z",
            "created_by": 1,
            "updated_by": 1
        }
    },
    {
        "model": "read.instance",
        "pk": 15,
        "fields": {
            "title": "騎士団長殺し",
            "subtitle": null,
            "work": 15,
            "publication_date": "2017.02.24",
            "language": "ja",
            "edition": null,
            "created_at": "2023-07-07T12:53:40.468Z",
            "updated_at": "2023-07-07T12:53:40.487Z",
            "created_by": 1,
            "updated_by": 1
        }
    },
    {
        "model": "read.instance",
        "pk": 16,
        "fields": {
            "title": "街とその不確かな壁",
            "subtitle": null,
            "work": 16,
            "publication_date": "2023.04.13",
            "language": "ja",
            "edition": null,
            "created_at": "2023-07-07T12:57:36.795Z",
            "updated_at": "2023-07-07T12:57:36.812Z",
            "created_by": 1,
            "updated_by": 1
        }
    },
    {
        "model": "read.instance",
        "pk": 17,
        "fields": {
            "title": "A Writer Prepares",
            "subtitle": null,
            "work": 17,
            "publication_date": "2021.06.24",
            "language": "en",
            "edition": null,
            "created_at": "2023-07-08T18:36:43.578Z",
            "updated_at": "2023-07-08T18:36:43.594Z",
            "created_by": 1,
            "updated_by": 1
        }
    },
    {
        "model": "read.instance",
        "pk": 18,
        "fields": {
            "title": "The Girl with the Dragon Tattoo",
            "subtitle": null,
            "work": 18,
            "publication_date": "2008.01",
            "language": "en",
            "edition": null,
            "created_at": "2023-07-08T22:34:02.130Z",
            "updated_at": "2023-07-08T22:34:02.153Z",
            "created_by": 1,
            "updated_by": 1
        }
    },
    {
        "model": "read.instance",
        "pk": 19,
        "fields": {
            "title": "The Anatomy of Genres",
            "subtitle": "How Story Forms Explain the Way the World Works",
            "work": 19,
            "publication_date": "2022.11.29",
            "language": "en",
            "edition": null,
            "created_at": "2023-07-11T18:39:44.496Z",
            "updated_at": "2023-07-11T18:39:44.523Z",
            "created_by": 1,
            "updated_by": 1
        }
    },
    {
        "model": "read.instance",
        "pk": 20,
        "fields": {
            "title": "The Anatomy of Story",
            "subtitle": "22 Steps to Becoming a Master Storyteller",
            "work": 20,
            "publication_date": "2008.10.14",
            "language": "en",
            "edition": null,
            "created_at": "2023-07-11T18:41:36.153Z",
            "updated_at": "2023-07-11T18:41:36.170Z",
            "created_by": 1,
            "updated_by": 1
        }
    },
    {
        "model": "read.instance",
        "pk": 21,
        "fields": {
            "title": "The Festival of Insignificance",
            "subtitle": null,
            "work": 21,
            "publication_date": "2015.06.23",
            "language": "en",
            "edition": null,
            "created_at": "2023-07-12T14:27:44.149Z",
            "updated_at": "2023-07-12T14:28:32.312Z",
            "created_by": 1,
            "updated_by": 1
        }
    },
    {
        "model": "read.instance",
        "pk": 22,
        "fields": {
            "title": "The Joke",
            "subtitle": "Definitive Version",
            "work": 22,
            "publication_date": "1992.06.01",
            "language": "en",
            "edition": null,
            "created_at": "2023-07-13T11:31:15.727Z",
            "updated_at": "2023-07-13T11:31:15.754Z",
            "created_by": 1,
            "updated_by": 1
        }
    },
    {
        "model": "read.instancerole",
        "pk": 1,
        "fields": {
            "instance": 1,
            "person": 1,
            "alt_name": null,
            "role": 1
        }
    },
    {
        "model": "read.instancerole",
        "pk": 2,
        "fields": {
            "instance": 2,
            "person": 5,
            "alt_name": null,
            "role": 1
        }
    },
    {
        "model": "read.instancerole",
        "pk": 3,
        "fields": {
            "instance": 3,
            "person": 1,
            "alt_name": null,
            "role": 1
        }
    },
    {
        "model": "read.instancerole",
        "pk": 4,
        "fields": {
            "instance": 4,
            "person": 1,
            "alt_name": null,
            "role": 1
        }
    },
    {
        "model": "read.instancerole",
        "pk": 5,
        "fields": {
            "instance": 5,
            "person": 1,
            "alt_name": null,
            "role": 1
        }
    },
    {
        "model": "read.instancerole",
        "pk": 6,
        "fields": {
            "instance": 6,
            "person": 1,
            "alt_name": null,
            "role": 1
        }
    },
    {
        "model": "read.instancerole",
        "pk": 7,
        "fields": {
            "instance": 7,
            "person": 1,
            "alt_name": null,
            "role": 1
        }
    },
    {
        "model": "read.instancerole",
        "pk": 8,
        "fields": {
            "instance": 8,
            "person": 1,
            "alt_name": null,
            "role": 1
        }
    },
    {
        "model": "read.instancerole",
        "pk": 9,
        "fields": {
            "instance": 9,
            "person": 1,
            "alt_name": null,
            "role": 1
        }
    },
    {
        "model": "read.instancerole",
        "pk": 10,
        "fields": {
            "instance": 10,
            "person": 1,
            "alt_name": null,
            "role": 1
        }
    },
    {
        "model": "read.instancerole",
        "pk": 11,
        "fields": {
            "instance": 11,
            "person": 1,
            "alt_name": null,
            "role": 1
        }
    },
    {
        "model": "read.instancerole",
        "pk": 12,
        "fields": {
            "instance": 12,
            "person": 1,
            "alt_name": null,
            "role": 1
        }
    },
    {
        "model": "read.instancerole",
        "pk": 13,
        "fields": {
            "instance": 13,
            "person": 1,
            "alt_name": null,
            "role": 1
        }
    },
    {
        "model": "read.instancerole",
        "pk": 14,
        "fields": {
            "instance": 14,
            "person": 1,
            "alt_name": null,
            "role": 1
        }
    },
    {
        "model": "read.instancerole",
        "pk": 15,
        "fields": {
            "instance": 15,
            "person": 1,
            "alt_name": null,
            "role": 1
        }
    },
    {
        "model": "read.instancerole",
        "pk": 16,
        "fields": {
            "instance": 16,
            "person": 1,
            "alt_name": null,
            "role": 1
        }
    },
    {
        "model": "read.instancerole",
        "pk": 17,
        "fields": {
            "instance": 17,
            "person": 5,
            "alt_name": null,
            "role": 1
        }
    },
    {
        "model": "read.instancerole",
        "pk": 18,
        "fields": {
            "instance": 18,
            "person": 13,
            "alt_name": null,
            "role": 1
        }
    },
    {
        "model": "read.instancerole",
        "pk": 19,
        "fields": {
            "instance": 18,
            "person": 14,
            "alt_name": "Reg Keeland",
            "role": 7
        }
    },
    {
        "model": "read.instancerole",
        "pk": 20,
        "fields": {
            "instance": 19,
            "person": 16,
            "alt_name": null,
            "role": 1
        }
    },
    {
        "model": "read.instancerole",
        "pk": 21,
        "fields": {
            "instance": 20,
            "person": 16,
            "alt_name": null,
            "role": 1
        }
    },
    {
        "model": "read.instancerole",
        "pk": 22,
        "fields": {
            "instance": 21,
            "person": 17,
            "alt_name": null,
            "role": 1
        }
    },
    {
        "model": "read.instancerole",
        "pk": 23,
        "fields": {
            "instance": 21,
            "person": 18,
            "alt_name": null,
            "role": 7
        }
    },
    {
        "model": "read.instancerole",
        "pk": 24,
        "fields": {
            "instance": 22,
            "person": 17,
            "alt_name": null,
            "role": 1
        }
    },
    {
        "model": "read.instancerole",
        "pk": 25,
        "fields": {
            "instance": 22,
            "person": 19,
            "alt_name": null,
            "role": 7
        }
    },
    {
        "model": "read.book",
        "pk": 1,
        "fields": {
            "title": "風の歌を聴け",
            "subtitle": null,
            "cover": "covers/風の歌を聴け-2016.06.01/5a6d3af9-df53-42cd-b2a3-94fcd4261861.jpg",
            "cover_sens": false,
            "publisher": 1,
            "language": "ja",
            "details": "「あらゆるものは通り過ぎる。誰にもそれを捉えることはできない。僕たちはそんな風に生きている」１９７０年８月、帰省した海辺の街。大学生の〈僕〉は、行きつけのバーで地元の友人〈鼠〉と語り明かし、女の子と知り合い、そして夏の終わりを迎える。過ぎ去りつつある青春の残照を鋭敏にとらえ群像新人賞を受賞した、村上春樹のデビュー作にして「初期三部作」第一作。",
            "publication_date": "2016.06.01",
            "format": "Kindle ebook",
            "length": "128 pages",
            "price": null,
            "isbn_10": null,
            "isbn_13": null,
            "asin": "B01G6MF4J2",
            "created_at": "2023-07-05T14:50:37.571Z",
            "updated_at": "2023-07-05T14:50:37.736Z",
            "created_by": 1,
            "updated_by": 1
        }
    },
    {
        "model": "read.book",
        "pk": 2,
        "fields": {
            "title": "The Autobiography of Matthew Scudder",
            "subtitle": null,
            "cover": "covers/the-autobiography-of-matthew-scudder-2023.06.24/486b6666-5315-4f47-923f-9f6c36ded312.jpg",
            "cover_sens": false,
            "publisher": 2,
            "language": "en",
            "details": "",
            "publication_date": "2023.06.24",
            "format": "Kindle ebook",
            "length": "251 pages",
            "price": null,
            "isbn_10": null,
            "isbn_13": null,
            "asin": "B0BXTBYRVC",
            "created_at": "2023-07-05T19:59:27.121Z",
            "updated_at": "2023-07-05T19:59:27.406Z",
            "created_by": 1,
            "updated_by": 1
        }
    },
    {
        "model": "read.book",
        "pk": 3,
        "fields": {
            "title": "1973年のピンボール",
            "subtitle": null,
            "cover": "covers/1973年のピンボール-2016.06.01/61d1f47e-db25-4c81-a522-ab7ee140939a.jpg",
            "cover_sens": false,
            "publisher": 1,
            "language": "ja",
            "details": "「電灯のスイッチを切って扉を後ろ手に閉めるまでの長い時間、僕は後ろを振り向かなかった。一度も振り向かなかった」東京で友人と小さな翻訳事務所を経営する〈僕〉と、大学をやめ故郷の街で長い時間を過ごす〈鼠〉。二人は痛みを抱えながらも、それぞれの儀式で青春に別れを告げる。『風の歌を聴け』から３年後、ひとつの季節の終焉と始まりの予感。「初期三部作」第二作。",
            "publication_date": "2016.06.01",
            "format": "Kindle ebook",
            "length": "149 pages",
            "price": null,
            "isbn_10": null,
            "isbn_13": null,
            "asin": "B01G6MF4HE",
            "created_at": "2023-07-06T13:19:45.102Z",
            "updated_at": "2023-07-06T13:20:02.372Z",
            "created_by": 1,
            "updated_by": 1
        }
    },
    {
        "model": "read.book",
        "pk": 4,
        "fields": {
            "title": "羊をめぐる冒険",
            "subtitle": null,
            "cover": "covers/羊をめぐる冒険-2016.07.01/7dfabdc2-87de-44d8-a20e-11c41c3ba2de.jpg",
            "cover_sens": false,
            "publisher": 1,
            "language": "ja",
            "details": "「羊のことよ」と彼女は言った。「たくさんの羊と一頭の羊」「羊？」「そして冒険が始まるの」 故郷の街から姿を消した〈鼠〉から〈僕〉宛に、ある日突然手紙が届く。同封されていた一枚の写真が、冒険の始まりだった。『１９７３年のピンボール』から５年後、２０代の最後に〈僕〉と〈鼠〉がたどり着いた場所は――。野間文芸新人賞受賞の「初期三部作」第三作。",
            "publication_date": "2016.07.01",
            "format": "Kindle ebook",
            "length": null,
            "price": null,
            "isbn_10": null,
            "isbn_13": null,
            "asin": "B01G6MF4JM",
            "created_at": "2023-07-06T13:25:04.947Z",
            "updated_at": "2023-07-06T13:25:05.302Z",
            "created_by": 1,
            "updated_by": 1
        }
    },
    {
        "model": "read.book",
        "pk": 5,
        "fields": {
            "title": "世界の終りとハードボイルド・ワンダーランド",
            "subtitle": "合本版",
            "cover": "covers/世界の終りとハードボイルドワンダーランド-2020.12.18/a03ddd8e-48a0-41c5-8639-6c1bad410057.jpg",
            "cover_sens": false,
            "publisher": 3,
            "language": "ja",
            "details": "",
            "publication_date": "2020.12.18",
            "format": "Kindle ebook",
            "length": "715 pages",
            "price": null,
            "isbn_10": null,
            "isbn_13": null,
            "asin": "B08N5X39Y5",
            "created_at": "2023-07-06T13:30:31.246Z",
            "updated_at": "2023-07-06T14:02:02.854Z",
            "created_by": 1,
            "updated_by": 1
        }
    },
    {
        "model": "read.book",
        "pk": 6,
        "fields": {
            "title": "ノルウェイの森",
            "subtitle": null,
            "cover": "covers/ノルウェイの森-2018.12.01/505613e3-0736-4551-9e8a-45bf4f557435.jpg",
            "cover_sens": false,
            "publisher": 1,
            "language": "ja",
            "details": "十八年という歳月が流れ去ってしまった今でも、僕はあの草原の風景をはっきりと思い出すことができる――。1969年、大学生の僕、死んだ友人の彼女だった直子、そして同じ学部の緑、それぞれの欠落と悲しみ――37歳になった僕は、機内に流れるビートルズのメロディーに18年前のあの日々を思い出し、激しく心をかき乱されていた。時代も国境も越えて読み継がれる世界的名作、ついに電子書籍に。",
            "publication_date": "2018.12.01",
            "format": "Kindle ebook",
            "length": "471ページ",
            "price": null,
            "isbn_10": null,
            "isbn_13": null,
            "asin": "B07KVTV42B",
            "created_at": "2023-07-06T13:35:55.502Z",
            "updated_at": "2023-07-06T13:35:55.673Z",
            "created_by": 1,
            "updated_by": 1
        }
    },
    {
        "model": "read.book",
        "pk": 7,
        "fields": {
            "title": "ダンス・ダンス・ダンス",
            "subtitle": null,
            "cover": "covers/ダンスダンスダンス-2018.08.01/da0d1c04-4ea7-483b-9fda-259446c42d4b.jpg",
            "cover_sens": false,
            "publisher": 1,
            "language": "ja",
            "details": "『羊をめぐる冒険』から4年、激しく雪の降りしきる札幌の町から「僕」の新しい冒険が始まる。羊男、美少女、そしていくつかの殺人――。渋谷の雑踏からホノルルのダウンタウンまで、「僕」は奇妙で複雑なダンス・ステップを踏みながら、暗く危険な運命の迷路をすり抜けていく。70年代の魂の遍歴を辿った著者が80年代を舞台に、新たな価値を求めて闇と光の交錯を鮮やかに描きあげた話題作。",
            "publication_date": "2018.08.01",
            "format": "Kindle ebook",
            "length": "663ページ",
            "price": null,
            "isbn_10": null,
            "isbn_13": null,
            "asin": "B07FY51B62",
            "created_at": "2023-07-06T13:39:30.390Z",
            "updated_at": "2023-07-06T13:39:30.563Z",
            "created_by": 1,
            "updated_by": 1
        }
    },
    {
        "model": "read.book",
        "pk": 8,
        "fields": {
            "title": "国境の南、太陽の西",
            "subtitle": null,
            "cover": "covers/国境の南太陽の西-2018.07.01/f90b463e-05ad-41d0-aeeb-aea85828f5b0.jpg",
            "cover_sens": false,
            "publisher": 1,
            "language": "ja",
            "details": "あの日なら、僕はすべてを捨ててしまうことができた。仕事も家庭も金も、何もかもをあっさりと捨ててしまえた。――ジャズを流す上品なバーを経営し、妻と二人の娘に囲まれ幸せな生活を送っていた僕の前に、十二歳の頃ひそやかに心を通い合わせた同級生の女性が現れた。会うごとに僕は、謎めいた彼女に強く惹かれていって――。日常に潜む不安と欠落、喪失そして再生を描く、心震える長編小説。",
            "publication_date": "2018.07.01",
            "format": "Kindle ebook",
            "length": "264ページ",
            "price": null,
            "isbn_10": null,
            "isbn_13": null,
            "asin": "B07FY54MXJ",
            "created_at": "2023-07-06T14:00:03.382Z",
            "updated_at": "2023-07-06T14:00:03.582Z",
            "created_by": 1,
            "updated_by": 1
        }
    },
    {
        "model": "read.book",
        "pk": 9,
        "fields": {
            "title": "ねじまき鳥クロニクル",
            "subtitle": "（第１部～第３部）合本版",
            "cover": "covers/ねじまき鳥クロニクル-2020.12.18/438cf328-7998-4747-8396-3983ceac0922.jpg",
            "cover_sens": false,
            "publisher": 3,
            "language": "ja",
            "details": "",
            "publication_date": "2020.12.18",
            "format": "Kindle ebook",
            "length": "1121ページ",
            "price": null,
            "isbn_10": null,
            "isbn_13": null,
            "asin": "B08N5YFJB1",
            "created_at": "2023-07-07T12:28:21.901Z",
            "updated_at": "2023-07-07T12:28:22.059Z",
            "created_by": 1,
            "updated_by": 1
        }
    },
    {
        "model": "read.book",
        "pk": 10,
        "fields": {
            "title": "スプートニクの恋人",
            "subtitle": null,
            "cover": "covers/スプートニクの恋人-2016.12.01/0cad1559-11c3-4615-9feb-aeb24a3698eb.jpg",
            "cover_sens": false,
            "publisher": 1,
            "language": "ja",
            "details": "",
            "publication_date": "2016.12.01",
            "format": "Kindle ebook",
            "length": "274ページ",
            "price": null,
            "isbn_10": null,
            "isbn_13": null,
            "asin": "B01N1SK9TT",
            "created_at": "2023-07-07T12:31:18.153Z",
            "updated_at": "2023-07-07T12:31:18.403Z",
            "created_by": 1,
            "updated_by": 1
        }
    },
    {
        "model": "read.book",
        "pk": 11,
        "fields": {
            "title": "海辺のカフカ",
            "subtitle": "（上下）合本版",
            "cover": "covers/海辺のカフカ-2020.12.18/586f2048-ee28-4599-b14c-19e0715af123.jpg",
            "cover_sens": false,
            "publisher": 3,
            "language": "ja",
            "details": "「君はこれから世界でいちばんタフな15歳の少年になる」――15歳の誕生日がやってきたとき、僕は家を出て遠くの知らない街に行き、小さな図書館の片隅で暮らすようになった。家を出るときに父の書斎から持ちだしたのは、現金だけじゃない。古いライター、折り畳み式のナイフ、ポケット・ライト、濃いスカイブルーのレヴォのサングラス。小さいころの姉と僕が二人並んでうつった写真……。　※当電子版は新潮文庫版『海辺のカフカ』上下巻をまとめた合本版です。",
            "publication_date": "2020.12.18",
            "format": "Kindle ebook",
            "length": "809ページ",
            "price": null,
            "isbn_10": null,
            "isbn_13": null,
            "asin": "B08N5VGDGR",
            "created_at": "2023-07-07T12:34:42.516Z",
            "updated_at": "2023-07-07T12:34:42.677Z",
            "created_by": 1,
            "updated_by": 1
        }
    },
    {
        "model": "read.book",
        "pk": 12,
        "fields": {
            "title": "アフターダーク",
            "subtitle": null,
            "cover": "covers/アフターダーク-2017.07.01/95c841f3-c4ea-42e9-927e-967040d98cc3.jpg",
            "cover_sens": false,
            "publisher": 1,
            "language": "ja",
            "details": "「エリは今、眠っているのよ」とマリは打ち明けるように言う。「とても深く」「みんなもう眠ってるよ、今の時間は」「そうじゃなくて」とマリは言う。「あの人は目を覚まそうとしないの」真夜中から空が白むまでのあいだ、どこかでひっそりと深淵が口を開ける。４人の男女はそれぞれの場所で、夜の闇のいちばん深い部分をくぐり抜ける。村上春樹の転換点を示す長編小説。",
            "publication_date": "2017.07.01",
            "format": "Kindle ebook",
            "length": "213ページ",
            "price": null,
            "isbn_10": null,
            "isbn_13": null,
            "asin": "B071X6J3GN",
            "created_at": "2023-07-07T12:38:13.634Z",
            "updated_at": "2023-07-07T12:38:13.824Z",
            "created_by": 1,
            "updated_by": 1
        }
    },
    {
        "model": "read.book",
        "pk": 13,
        "fields": {
            "title": "1Q84",
            "subtitle": "（ＢＯＯＫ１～３）合本版",
            "cover": "covers/1q84-2020.12.18/c41fa2e4-e878-47a1-96f8-b0bb01a8116f.jpg",
            "cover_sens": false,
            "publisher": 3,
            "language": "ja",
            "details": "1Q84年──私はこの新しい世界をそのように呼ぶことにしよう、青豆はそう決めた。Qはquestion markのQだ。疑問を背負ったもの。彼女は歩きながら一人で肯いた。好もうが好むまいが、私は今この「1Q84年」に身を置いている。私の知っていた1984年はもうどこにも存在しない。……ヤナーチェックの『シンフォニエッタ』に導かれて、主人公・青豆と天吾の不思議な物語がはじまる。　※当電子版は新潮文庫版『１Ｑ８４』ＢＯＯＫ１～３の全６冊をまとめた合本版です。",
            "publication_date": "2020.12.18",
            "format": "Kindle ebook",
            "length": "1713ページ",
            "price": null,
            "isbn_10": null,
            "isbn_13": null,
            "asin": "B08N5W8BK1",
            "created_at": "2023-07-07T12:42:17.031Z",
            "updated_at": "2023-07-07T12:42:17.198Z",
            "created_by": 1,
            "updated_by": 1
        }
    },
    {
        "model": "read.book",
        "pk": 14,
        "fields": {
            "title": "色彩を持たない多崎つくると、彼の巡礼の年",
            "subtitle": null,
            "cover": "covers/色彩を持たない多崎つくると彼の巡礼の年-2015.12.20/f733fa02-79dd-4655-8c4a-9ee2bec6facd.jpg",
            "cover_sens": false,
            "publisher": 4,
            "language": "ja",
            "details": "多崎つくる、鉄道の駅をつくるのが仕事。名古屋での高校時代、四人の男女の親友と完璧な調和を成す関係を結んでいたが、大学時代のある日突然、四人から絶縁を申し渡された。\r\n何の理由も告げられずに――。\r\n死の淵を一時さ迷い、漂うように生きてきたつくるは、新しい年上の恋人・沙羅に促され、あの時なにが起きたのか探り始めるのだった。全米第一位にも輝いたベストセラー！",
            "publication_date": "2015.12.20",
            "format": "Kindle ebook",
            "length": "358ページ",
            "price": null,
            "isbn_10": null,
            "isbn_13": null,
            "asin": "B017CNDCHA",
            "created_at": "2023-07-07T12:51:50.196Z",
            "updated_at": "2023-07-07T12:51:50.359Z",
            "created_by": 1,
            "updated_by": 1
        }
    },
    {
        "model": "read.book",
        "pk": 15,
        "fields": {
            "title": "騎士団長殺し",
            "subtitle": "（第１部～第２部）合本版",
            "cover": "covers/騎士団長殺し-2020.12.18/c6f770fe-754c-45ba-8b97-db66c0af4133.jpg",
            "cover_sens": false,
            "publisher": 3,
            "language": "ja",
            "details": "一枚の絵が、秘密の扉を開ける――妻と別離し、小田原の海を望む小暗い森の山荘に暮らす36歳の孤独な画家。緑濃い谷の向かいに住む謎めいた白髪の紳士が現れ、主人公に奇妙な出来事が起こり始める。雑木林の中の祠、不思議な鈴の音、古いレコードそして「騎士団長」……想像力と暗喩が織りなす村上春樹の世界へ！　※当電子版は新潮文庫版『騎士団長殺し』第１部～第２部の全４冊をまとめた合本版です。",
            "publication_date": "2020.12.18",
            "format": "Kindle ebook",
            "length": "1084ページ",
            "price": null,
            "isbn_10": null,
            "isbn_13": null,
            "asin": "B08N5SVL4H",
            "created_at": "2023-07-07T12:55:30.194Z",
            "updated_at": "2023-07-07T12:55:30.354Z",
            "created_by": 1,
            "updated_by": 1
        }
    },
    {
        "model": "read.book",
        "pk": 16,
        "fields": {
            "title": "街とその不確かな壁",
            "subtitle": null,
            "cover": "covers/街とその不確かな壁-2023.04.23/87826b90-887c-42f4-a482-b5e976cbfd43.jpg",
            "cover_sens": false,
            "publisher": 3,
            "language": "ja",
            "details": "__魂を揺さぶる村上春樹の＜秘密の場所＞へ――6年ぶりの新作長編1200枚！__\r\n\r\n十七歳と十六歳の夏の夕暮れ……川面を風が静かに吹き抜けていく。彼女の細い指は、私の指に何かをこっそり語りかける。何か大事な、言葉にはできないことを――高い壁と望楼、図書館の暗闇、きみの面影。自分の居場所はいったいどこにあるのだろう。＜古い夢＞が奥まった書庫でひもとかれ、呼び覚まされるように、封印された「物語」が静かに動き出す。",
            "publication_date": "2023.04.23",
            "format": "Kindle ebook",
            "length": "674ページ",
            "price": null,
            "isbn_10": null,
            "isbn_13": null,
            "asin": "B0BTGK1HHS",
            "created_at": "2023-07-07T12:59:38.070Z",
            "updated_at": "2023-07-07T12:59:38.326Z",
            "created_by": 1,
            "updated_by": 1
        }
    },
    {
        "model": "read.book",
        "pk": 17,
        "fields": {
            "title": "A Writer Prepares",
            "subtitle": null,
            "cover": "covers/a-writer-prepares-2021.06.24/71ed7589-7f14-4b88-b6eb-72f717f9f8f1.jpg",
            "cover_sens": false,
            "publisher": 2,
            "language": "en",
            "details": "",
            "publication_date": "2021.06.24",
            "format": "Kindle ebook",
            "length": "286 pages",
            "price": null,
            "isbn_10": null,
            "isbn_13": null,
            "asin": "B08XQXH432",
            "created_at": "2023-07-08T18:37:53.336Z",
            "updated_at": "2023-07-08T18:37:53.746Z",
            "created_by": 1,
            "updated_by": 1
        }
    },
    {
        "model": "read.book",
        "pk": 18,
        "fields": {
            "title": "The Girl with the Dragon Tattoo",
            "subtitle": null,
            "cover": "covers/the-girl-with-the-dragon-tattoo-2022.01.06/636959a9-8491-49c6-bb85-cfa46f4e43e6.jpeg",
            "cover_sens": false,
            "publisher": 5,
            "language": "en",
            "details": "",
            "publication_date": "2022.01.06",
            "format": "Mass Market Paperback",
            "length": "544 pages",
            "price": null,
            "isbn_10": null,
            "isbn_13": "9781529418835",
            "asin": null,
            "created_at": "2023-07-08T22:45:34.037Z",
            "updated_at": "2023-07-08T22:45:34.305Z",
            "created_by": 1,
            "updated_by": 1
        }
    },
    {
        "model": "read.book",
        "pk": 19,
        "fields": {
            "title": "The Anatomy of Story",
            "subtitle": "22 Steps to Becoming a Master Storyteller",
            "cover": "covers/the-anatomy-of-story-2008.10.14/f2c2d3a6-bc7d-45c9-826f-d5d96da0b11c.jpg",
            "cover_sens": false,
            "publisher": 6,
            "language": "en",
            "details": "",
            "publication_date": "2008.10.14",
            "format": "Paperback / Kindle ebook",
            "length": null,
            "price": null,
            "isbn_10": null,
            "isbn_13": "9781429923705",
            "asin": "B0052Z3M8A",
            "created_at": "2023-07-11T18:33:52.674Z",
            "updated_at": "2023-07-11T20:26:21.027Z",
            "created_by": 1,
            "updated_by": 1
        }
    },
    {
        "model": "read.book",
        "pk": 20,
        "fields": {
            "title": "The Anatomy of Genres",
            "subtitle": "How Story Forms Explain the Way the World Works",
            "cover": "covers/the-anatomy-of-genres-2022.11.29/d6d48d22-7e15-4758-a6f1-5b9abda9c315.jpg",
            "cover_sens": false,
            "publisher": 7,
            "language": "en",
            "details": "",
            "publication_date": "2022.11.29",
            "format": "Paperback / Kindle ebook",
            "length": "720 pages",
            "price": null,
            "isbn_10": null,
            "isbn_13": "9780374539221",
            "asin": "B09NK6VGT8",
            "created_at": "2023-07-11T18:37:47.240Z",
            "updated_at": "2023-07-11T20:10:39.576Z",
            "created_by": 1,
            "updated_by": 1
        }
    },
    {
        "model": "read.book",
        "pk": 21,
        "fields": {
            "title": "The Festival of Insignificance",
            "subtitle": null,
            "cover": "covers/the-festival-of-insignificance-2020.10.09/29b4bfe1-52ec-4f5a-852c-83417fc9ceb5.jpg",
            "cover_sens": false,
            "publisher": 8,
            "language": "en",
            "details": "",
            "publication_date": "2020.10.09",
            "format": "Ebook",
            "length": null,
            "price": null,
            "isbn_10": null,
            "isbn_13": "9780571367412",
            "asin": "B08JSPXHF1",
            "created_at": "2023-07-12T14:31:45.112Z",
            "updated_at": "2023-07-12T14:31:45.555Z",
            "created_by": 1,
            "updated_by": 1
        }
    },
    {
        "model": "read.bookrole",
        "pk": 1,
        "fields": {
            "book": 1,
            "person": 1,
            "role": 1,
            "alt_name": null
        }
    },
    {
        "model": "read.bookrole",
        "pk": 2,
        "fields": {
            "book": 2,
            "person": 5,
            "role": 1,
            "alt_name": null
        }
    },
    {
        "model": "read.bookrole",
        "pk": 3,
        "fields": {
            "book": 3,
            "person": 1,
            "role": 1,
            "alt_name": null
        }
    },
    {
        "model": "read.bookrole",
        "pk": 4,
        "fields": {
            "book": 4,
            "person": 1,
            "role": 1,
            "alt_name": null
        }
    },
    {
        "model": "read.bookrole",
        "pk": 5,
        "fields": {
            "book": 5,
            "person": 1,
            "role": 1,
            "alt_name": null
        }
    },
    {
        "model": "read.bookrole",
        "pk": 6,
        "fields": {
            "book": 6,
            "person": 1,
            "role": 1,
            "alt_name": null
        }
    },
    {
        "model": "read.bookrole",
        "pk": 7,
        "fields": {
            "book": 7,
            "person": 1,
            "role": 1,
            "alt_name": null
        }
    },
    {
        "model": "read.bookrole",
        "pk": 8,
        "fields": {
            "book": 8,
            "person": 1,
            "role": 1,
            "alt_name": null
        }
    },
    {
        "model": "read.bookrole",
        "pk": 9,
        "fields": {
            "book": 9,
            "person": 1,
            "role": 1,
            "alt_name": null
        }
    },
    {
        "model": "read.bookrole",
        "pk": 10,
        "fields": {
            "book": 10,
            "person": 1,
            "role": 1,
            "alt_name": null
        }
    },
    {
        "model": "read.bookrole",
        "pk": 11,
        "fields": {
            "book": 11,
            "person": 1,
            "role": 1,
            "alt_name": null
        }
    },
    {
        "model": "read.bookrole",
        "pk": 12,
        "fields": {
            "book": 12,
            "person": 1,
            "role": 1,
            "alt_name": null
        }
    },
    {
        "model": "read.bookrole",
        "pk": 13,
        "fields": {
            "book": 13,
            "person": 1,
            "role": 1,
            "alt_name": null
        }
    },
    {
        "model": "read.bookrole",
        "pk": 14,
        "fields": {
            "book": 14,
            "person": 1,
            "role": 1,
            "alt_name": null
        }
    },
    {
        "model": "read.bookrole",
        "pk": 15,
        "fields": {
            "book": 15,
            "person": 1,
            "role": 1,
            "alt_name": null
        }
    },
    {
        "model": "read.bookrole",
        "pk": 16,
        "fields": {
            "book": 16,
            "person": 1,
            "role": 1,
            "alt_name": null
        }
    },
    {
        "model": "read.bookrole",
        "pk": 17,
        "fields": {
            "book": 17,
            "person": 5,
            "role": 1,
            "alt_name": null
        }
    },
    {
        "model": "read.bookrole",
        "pk": 18,
        "fields": {
            "book": 18,
            "person": 13,
            "role": 1,
            "alt_name": null
        }
    },
    {
        "model": "read.bookrole",
        "pk": 19,
        "fields": {
            "book": 18,
            "person": 14,
            "role": 7,
            "alt_name": "Reg Keeland"
        }
    },
    {
        "model": "read.bookrole",
        "pk": 20,
        "fields": {
            "book": 18,
            "person": 15,
            "role": 8,
            "alt_name": null
        }
    },
    {
        "model": "read.bookrole",
        "pk": 21,
        "fields": {
            "book": 19,
            "person": 16,
            "role": 1,
            "alt_name": null
        }
    },
    {
        "model": "read.bookrole",
        "pk": 22,
        "fields": {
            "book": 20,
            "person": 16,
            "role": 1,
            "alt_name": null
        }
    },
    {
        "model": "read.bookrole",
        "pk": 23,
        "fields": {
            "book": 21,
            "person": 17,
            "role": 1,
            "alt_name": null
        }
    },
    {
        "model": "read.bookrole",
        "pk": 24,
        "fields": {
            "book": 21,
            "person": 18,
            "role": 7,
            "alt_name": null
        }
    },
    {
        "model": "read.bookinstance",
        "pk": 1,
        "fields": {
            "book": 1,
            "instance": 1,
            "order": 1
        }
    },
    {
        "model": "read.bookinstance",
        "pk": 2,
        "fields": {
            "book": 2,
            "instance": 2,
            "order": 1
        }
    },
    {
        "model": "read.bookinstance",
        "pk": 3,
        "fields": {
            "book": 3,
            "instance": 3,
            "order": 1
        }
    },
    {
        "model": "read.bookinstance",
        "pk": 4,
        "fields": {
            "book": 4,
            "instance": 4,
            "order": 1
        }
    },
    {
        "model": "read.bookinstance",
        "pk": 5,
        "fields": {
            "book": 5,
            "instance": 5,
            "order": 1
        }
    },
    {
        "model": "read.bookinstance",
        "pk": 6,
        "fields": {
            "book": 6,
            "instance": 6,
            "order": 1
        }
    },
    {
        "model": "read.bookinstance",
        "pk": 7,
        "fields": {
            "book": 7,
            "instance": 7,
            "order": 1
        }
    },
    {
        "model": "read.bookinstance",
        "pk": 8,
        "fields": {
            "book": 8,
            "instance": 8,
            "order": 1
        }
    },
    {
        "model": "read.bookinstance",
        "pk": 9,
        "fields": {
            "book": 9,
            "instance": 9,
            "order": 1
        }
    },
    {
        "model": "read.bookinstance",
        "pk": 10,
        "fields": {
            "book": 10,
            "instance": 10,
            "order": 1
        }
    },
    {
        "model": "read.bookinstance",
        "pk": 11,
        "fields": {
            "book": 11,
            "instance": 11,
            "order": 1
        }
    },
    {
        "model": "read.bookinstance",
        "pk": 12,
        "fields": {
            "book": 12,
            "instance": 12,
            "order": 1
        }
    },
    {
        "model": "read.bookinstance",
        "pk": 13,
        "fields": {
            "book": 13,
            "instance": 13,
            "order": 1
        }
    },
    {
        "model": "read.bookinstance",
        "pk": 14,
        "fields": {
            "book": 14,
            "instance": 14,
            "order": 1
        }
    },
    {
        "model": "read.bookinstance",
        "pk": 15,
        "fields": {
            "book": 15,
            "instance": 15,
            "order": 1
        }
    },
    {
        "model": "read.bookinstance",
        "pk": 16,
        "fields": {
            "book": 16,
            "instance": 16,
            "order": 1
        }
    },
    {
        "model": "read.bookinstance",
        "pk": 17,
        "fields": {
            "book": 17,
            "instance": 17,
            "order": 1
        }
    },
    {
        "model": "read.bookinstance",
        "pk": 18,
        "fields": {
            "book": 18,
            "instance": 18,
            "order": 1
        }
    },
    {
        "model": "read.bookinstance",
        "pk": 19,
        "fields": {
            "book": 20,
            "instance": 19,
            "order": 1
        }
    },
    {
        "model": "read.bookinstance",
        "pk": 20,
        "fields": {
            "book": 19,
            "instance": 20,
            "order": 1
        }
    },
    {
        "model": "read.bookinstance",
        "pk": 21,
        "fields": {
            "book": 21,
            "instance": 21,
            "order": 1
        }
    },
    {
        "model": "read.readcheckin",
        "pk": 2,
        "fields": {
            "content_type": 26,
            "object_id": 2,
            "user": 1,
            "status": "reading",
            "share_to_feed": true,
            "content": "So far so good, neither dull enough to make me lose interest (like many books I tried to read nowadays) nor gripping enough to prevent me from putting it down after a few pages each day. Just one day at a time.",
            "timestamp": "2023-07-05T20:13:44.310Z",
            "progress": 52,
            "progress_type": "PC",
            "comments_enabled": true,
            "tags": []
        }
    },
    {
        "model": "read.readcheckin",
        "pk": 4,
        "fields": {
            "content_type": 26,
            "object_id": 2,
            "user": 1,
            "status": "reading",
            "share_to_feed": true,
            "content": "> It is pointless, I sometimes tell myself, to wonder about what might have happened--because it didn't, did it? What actually did happen, the great stream of yesterdays that resolved themselves into today, now bear an appearance of inevitability. Whether or not one's destiny was written in the stars, the present reality is indelibly written in the here and there.\r\n>\r\n> Pointless to echo John Greenleaf Whittier, the poet:\r\n>> For all sad words of tongue and pen,\r\n>> The saddest are these: \"It might have been.\"\r\n>> [Whittier, J.G. (1856). Maud Muller](/c)\r\n\r\nthen a page later, Matthew read and quoted a parody poem by Bret Harte:\r\n\r\n> But I just now read his parody, an echo of Whittier's original, in which boy gets girl, to their profound and enduring mutual disappointment:\r\n>> If, of all words of tongue and pen,\r\n>> The saddest are, \"It might have been,\"\r\n>> More sad are these we daily see:\r\n>> \"It is, but hadn't ought to be.\"\r\n>> [Harte, B. (?). Mrs. Judge Jenkins](/c)",
            "timestamp": "2023-07-08T07:41:21.624Z",
            "progress": 64,
            "progress_type": "PC",
            "comments_enabled": true,
            "tags": []
        }
    },
    {
        "model": "read.readcheckin",
        "pk": 5,
        "fields": {
            "content_type": 26,
            "object_id": 17,
            "user": 1,
            "status": "to_read",
            "share_to_feed": true,
            "content": "I added this book entry to DouBan in Sep, 2021, 3 months after its publication, half year before I left Douban for good. So today, two years after that, I checked on that entry and found that there's still no one marked the book on DouBan, no one has read it, no one is reading it, and of course, no one wants to read it. I myself also didn't finished reading it so I am also guilty, but it's now back to my to-read list. Probably not the next one, but soon. Let's see.",
            "timestamp": "2023-07-08T18:47:51.403Z",
            "progress": null,
            "progress_type": "PG",
            "comments_enabled": true,
            "tags": []
        }
    },
    {
        "model": "read.readcheckin",
        "pk": 6,
        "fields": {
            "content_type": 26,
            "object_id": 2,
            "user": 1,
            "status": "reading",
            "share_to_feed": true,
            "content": "> … nobody who pays attention to his life can be entirely free of regret, but there’s another way to look at it, and that’s that anyone genuinely happy with the present has to be grateful for every turn in the road that got him here.",
            "timestamp": "2023-07-08T20:25:44.538Z",
            "progress": 97,
            "progress_type": "PC",
            "comments_enabled": true,
            "tags": []
        }
    },
    {
        "model": "read.readcheckin",
        "pk": 7,
        "fields": {
            "content_type": 26,
            "object_id": 2,
            "user": 1,
            "status": "finished_reading",
            "share_to_feed": true,
            "content": "The most astonishing \"fact\" I learnt from this fictional autobiography is that Matthew Scudder is in fact a [Virgo](/s). Jokes aside, this is likely the true finale of the series. I like how LB tied the ends of many supporting characters, especially the one for Mahaffey (the short story _A Moment of Wrong Thinking_, which featured him, was my fav, BTW.) Rereading the whole series from the beginning to the end again will be my next year’s reading resolution.",
            "timestamp": "2023-07-08T20:39:55.053Z",
            "progress": 100,
            "progress_type": "PC",
            "comments_enabled": true,
            "tags": []
        }
    },
    {
        "model": "read.readcheckin",
        "pk": 8,
        "fields": {
            "content_type": 26,
            "object_id": 18,
            "user": 1,
            "status": "to_read",
            "share_to_feed": true,
            "content": "Got this from a colleague for Christmas last year. Really should finish it before the next Christmas :-)",
            "timestamp": "2023-07-08T22:49:40.505Z",
            "progress": null,
            "progress_type": "PG",
            "comments_enabled": true,
            "tags": []
        }
    },
    {
        "model": "read.readcheckin",
        "pk": 9,
        "fields": {
            "content_type": 26,
            "object_id": 17,
            "user": 1,
            "status": "reading",
            "share_to_feed": false,
            "content": "",
            "timestamp": "2023-07-09T22:02:55.160Z",
            "progress": 8,
            "progress_type": "PC",
            "comments_enabled": true,
            "tags": []
        }
    },
    {
        "model": "read.readcheckin",
        "pk": 10,
        "fields": {
            "content_type": 26,
            "object_id": 18,
            "user": 1,
            "status": "reading",
            "share_to_feed": false,
            "content": "",
            "timestamp": "2023-07-09T22:03:33.423Z",
            "progress": 28,
            "progress_type": "PG",
            "comments_enabled": true,
            "tags": []
        }
    },
    {
        "model": "read.readcheckin",
        "pk": 11,
        "fields": {
            "content_type": 26,
            "object_id": 17,
            "user": 1,
            "status": "reading",
            "share_to_feed": false,
            "content": "LB on motivation:\r\n\r\n> There are some writers who start out knowing what they want to write; indeed, it is the message that cries out for the medium. They have something they want to say to the world, some story that demands to be told.\r\n> \r\n> I was very different. If I had anything to say, surely I hadn’t a clue what it might be. I just knew, as I had known since I was fifteen, that I wanted to be a writer, and that I wanted things I had written to be in print, for all the world to see.",
            "timestamp": "2023-07-10T20:16:12.712Z",
            "progress": 10,
            "progress_type": "PC",
            "comments_enabled": true,
            "tags": []
        }
    },
    {
        "model": "read.readcheckin",
        "pk": 12,
        "fields": {
            "content_type": 26,
            "object_id": 18,
            "user": 1,
            "status": "reading",
            "share_to_feed": false,
            "content": "",
            "timestamp": "2023-07-10T21:59:21.803Z",
            "progress": 50,
            "progress_type": "PG",
            "comments_enabled": true,
            "tags": []
        }
    },
    {
        "model": "read.readcheckin",
        "pk": 13,
        "fields": {
            "content_type": 26,
            "object_id": 20,
            "user": 1,
            "status": "reading",
            "share_to_feed": true,
            "content": "Started reading it around last Christmas, reached 75% then forgot about it for 7 months due to many things happened in life. Just picked it up again, read until 80% and finally reached the part I am most interested in: Detective and Thriller.",
            "timestamp": "2023-07-11T20:15:47.889Z",
            "progress": 80,
            "progress_type": "PC",
            "comments_enabled": true,
            "tags": []
        }
    },
    {
        "model": "read.bookseries",
        "pk": 1,
        "fields": {
            "title": "Matthew Scudder",
            "created_by": 1,
            "updated_by": null
        }
    },
    {
        "model": "read.bookseries",
        "pk": 2,
        "fields": {
            "title": "鼠&羊",
            "created_by": 1,
            "updated_by": null
        }
    },
    {
        "model": "read.bookinseries",
        "pk": 1,
        "fields": {
            "book": 2,
            "series": 1,
            "order": 20
        }
    },
    {
        "model": "read.bookinseries",
        "pk": 2,
        "fields": {
            "book": 1,
            "series": 2,
            "order": 1
        }
    },
    {
        "model": "read.bookinseries",
        "pk": 3,
        "fields": {
            "book": 3,
            "series": 2,
            "order": 2
        }
    },
    {
        "model": "read.bookinseries",
        "pk": 4,
        "fields": {
            "book": 7,
            "series": 2,
            "order": 4
        }
    },
    {
        "model": "read.bookinseries",
        "pk": 5,
        "fields": {
            "book": 4,
            "series": 2,
            "order": 3
        }
    },
    {
        "model": "listen.label",
        "pk": 1,
        "fields": {
            "name": "Terence Lam Production & Co.",
            "romanized_name": null,
            "note": null,
            "created_at": "2023-07-05T19:44:32.734Z",
            "updated_at": "2023-07-07T06:44:32.578Z",
            "created_by": 1,
            "updated_by": 1,
            "history": "",
            "location": "香港",
            "website": null,
            "founded_date": null,
            "closed_date": null
        }
    },
    {
        "model": "listen.label",
        "pk": 2,
        "fields": {
            "name": "其後音樂股份有限公司",
            "romanized_name": "Sorekara Music Co., Ltd.",
            "note": null,
            "created_at": "2023-07-06T14:33:26.467Z",
            "updated_at": "2023-07-06T14:33:26.467Z",
            "created_by": 1,
            "updated_by": 1,
            "history": "",
            "location": "高雄",
            "website": null,
            "founded_date": null,
            "closed_date": null
        }
    },
    {
        "model": "listen.label",
        "pk": 4,
        "fields": {
            "name": "英皇娛樂",
            "romanized_name": "Emperor Entertainment Group",
            "note": null,
            "created_at": "2023-07-07T06:43:48.893Z",
            "updated_at": "2023-07-07T06:44:26.193Z",
            "created_by": 1,
            "updated_by": 1,
            "history": "",
            "location": "香港",
            "website": null,
            "founded_date": "1986.12.01",
            "closed_date": null
        }
    },
    {
        "model": "listen.work",
        "pk": 1,
        "fields": {
            "title": "下一位前度",
            "subtitle": null,
            "romanized_title": "NEXT",
            "genre": "Cantopop",
            "release_date": "2019.01.11",
            "note": ""
        }
    },
    {
        "model": "listen.work",
        "pk": 2,
        "fields": {
            "title": "踮起腳尖愛",
            "subtitle": null,
            "romanized_title": "Tiptoe to You",
            "genre": "Mandopop",
            "release_date": "2011.04.24",
            "note": ""
        }
    },
    {
        "model": "listen.work",
        "pk": 3,
        "fields": {
            "title": "企好",
            "subtitle": null,
            "romanized_title": "Attention",
            "genre": "Cantopop",
            "release_date": "2023.07.06",
            "note": ""
        }
    },
    {
        "model": "listen.work",
        "pk": 4,
        "fields": {
            "title": "拼命無恙",
            "subtitle": null,
            "romanized_title": "In a Funk",
            "genre": "Cantopop",
            "release_date": "2020.01.17",
            "note": ""
        }
    },
    {
        "model": "listen.work",
        "pk": 5,
        "fields": {
            "title": "怪我只敢做好人",
            "subtitle": null,
            "romanized_title": "Monologue",
            "genre": "Cantopop",
            "release_date": "2023.07.10",
            "note": ""
        }
    },
    {
        "model": "listen.workrole",
        "pk": 1,
        "fields": {
            "work": 1,
            "person": 2,
            "role": 2
        }
    },
    {
        "model": "listen.workrole",
        "pk": 2,
        "fields": {
            "work": 1,
            "person": 3,
            "role": 3
        }
    },
    {
        "model": "listen.workrole",
        "pk": 3,
        "fields": {
            "work": 1,
            "person": 4,
            "role": 4
        }
    },
    {
        "model": "listen.workrole",
        "pk": 4,
        "fields": {
            "work": 1,
            "person": 2,
            "role": 4
        }
    },
    {
        "model": "listen.workrole",
        "pk": 5,
        "fields": {
            "work": 1,
            "person": 2,
            "role": 6
        }
    },
    {
        "model": "listen.workrole",
        "pk": 6,
        "fields": {
            "work": 1,
            "person": 4,
            "role": 5
        }
    },
    {
        "model": "listen.workrole",
        "pk": 7,
        "fields": {
            "work": 1,
            "person": 2,
            "role": 5
        }
    },
    {
        "model": "listen.workrole",
        "pk": 8,
        "fields": {
            "work": 2,
            "person": 6,
            "role": 2
        }
    },
    {
        "model": "listen.workrole",
        "pk": 9,
        "fields": {
            "work": 2,
            "person": 7,
            "role": 3
        }
    },
    {
        "model": "listen.workrole",
        "pk": 10,
        "fields": {
            "work": 2,
            "person": 8,
            "role": 4
        }
    },
    {
        "model": "listen.workrole",
        "pk": 11,
        "fields": {
            "work": 3,
            "person": 9,
            "role": 2
        }
    },
    {
        "model": "listen.workrole",
        "pk": 12,
        "fields": {
            "work": 3,
            "person": 11,
            "role": 3
        }
    },
    {
        "model": "listen.workrole",
        "pk": 13,
        "fields": {
            "work": 3,
            "person": 10,
            "role": 4
        }
    },
    {
        "model": "listen.workrole",
        "pk": 14,
        "fields": {
            "work": 3,
            "person": 10,
            "role": 6
        }
    },
    {
        "model": "listen.workrole",
        "pk": 15,
        "fields": {
            "work": 4,
            "person": 2,
            "role": 2
        }
    },
    {
        "model": "listen.workrole",
        "pk": 16,
        "fields": {
            "work": 4,
            "person": 3,
            "role": 3
        }
    },
    {
        "model": "listen.workrole",
        "pk": 17,
        "fields": {
            "work": 4,
            "person": 2,
            "role": 4
        }
    },
    {
        "model": "listen.workrole",
        "pk": 21,
        "fields": {
            "work": 4,
            "person": 2,
            "role": 6
        }
    },
    {
        "model": "listen.workrole",
        "pk": 22,
        "fields": {
            "work": 4,
            "person": 12,
            "role": 5
        }
    },
    {
        "model": "listen.workrole",
        "pk": 23,
        "fields": {
            "work": 4,
            "person": 2,
            "role": 5
        }
    },
    {
        "model": "listen.workrole",
        "pk": 24,
        "fields": {
            "work": 5,
            "person": 2,
            "role": 2
        }
    },
    {
        "model": "listen.workrole",
        "pk": 25,
        "fields": {
            "work": 5,
            "person": 3,
            "role": 3
        }
    },
    {
        "model": "listen.workrole",
        "pk": 26,
        "fields": {
            "work": 5,
            "person": 2,
            "role": 4
        }
    },
    {
        "model": "listen.workrole",
        "pk": 27,
        "fields": {
            "work": 5,
            "person": 2,
            "role": 6
        }
    },
    {
        "model": "listen.workrole",
        "pk": 28,
        "fields": {
            "work": 5,
            "person": 2,
            "role": 5
        }
    },
    {
        "model": "listen.track",
        "pk": 1,
        "fields": {
            "title": "下一位前度",
            "subtitle": null,
            "romanized_title": null,
            "work": 1,
            "release_date": "2019.01.11",
            "length": "4:35",
            "genre": "Cantopop",
            "note": "",
            "created_at": "2023-07-05T19:40:58.923Z",
            "updated_at": "2023-07-05T19:40:58.973Z",
            "created_by": 1,
            "updated_by": 1
        }
    },
    {
        "model": "listen.track",
        "pk": 2,
        "fields": {
            "title": "踮起腳尖愛",
            "subtitle": null,
            "romanized_title": "Tiptoe to You",
            "work": 2,
            "release_date": "2011.04.24",
            "length": "4:43",
            "genre": "Mandopop",
            "note": "",
            "created_at": "2023-07-06T14:26:42.368Z",
            "updated_at": "2023-07-06T14:26:42.404Z",
            "created_by": 1,
            "updated_by": 1
        }
    },
    {
        "model": "listen.track",
        "pk": 3,
        "fields": {
            "title": "踮起腳尖愛（HPY Version）",
            "subtitle": null,
            "romanized_title": "Tiptoe to You (HPY Version)",
            "work": 2,
            "release_date": "2023.07.01",
            "length": "4:47",
            "genre": "Mandopop",
            "note": "",
            "created_at": "2023-07-06T14:28:02.945Z",
            "updated_at": "2023-07-06T14:28:02.991Z",
            "created_by": 1,
            "updated_by": 1
        }
    },
    {
        "model": "listen.track",
        "pk": 4,
        "fields": {
            "title": "企好",
            "subtitle": null,
            "romanized_title": "Attention",
            "work": 3,
            "release_date": "2023/07/06",
            "length": "3:26",
            "genre": "Cantopop",
            "note": "",
            "created_at": "2023-07-07T06:41:04.501Z",
            "updated_at": "2023-07-07T06:41:04.545Z",
            "created_by": 1,
            "updated_by": 1
        }
    },
    {
        "model": "listen.track",
        "pk": 5,
        "fields": {
            "title": "拼命無恙",
            "subtitle": null,
            "romanized_title": "In a Funk",
            "work": 4,
            "release_date": "2020.01.17",
            "length": null,
            "genre": "Cantopop",
            "note": "",
            "created_at": "2023-07-07T13:07:24.785Z",
            "updated_at": "2023-07-07T13:07:24.838Z",
            "created_by": 1,
            "updated_by": 1
        }
    },
    {
        "model": "listen.track",
        "pk": 6,
        "fields": {
            "title": "MAROON（拼命無恙 demo）",
            "subtitle": null,
            "romanized_title": null,
            "work": 4,
            "release_date": "2020.02.04",
            "length": null,
            "genre": null,
            "note": "",
            "created_at": "2023-07-07T14:16:06.970Z",
            "updated_at": "2023-07-07T14:18:03.840Z",
            "created_by": 1,
            "updated_by": 1
        }
    },
    {
        "model": "listen.track",
        "pk": 7,
        "fields": {
            "title": "怪我只敢做好人",
            "subtitle": null,
            "romanized_title": "Monologue",
            "work": 5,
            "release_date": "2023.07.10",
            "length": "3:58",
            "genre": "Cantopop",
            "note": "",
            "created_at": "2023-07-10T09:23:35.882Z",
            "updated_at": "2023-07-10T14:28:11.068Z",
            "created_by": 1,
            "updated_by": 1
        }
    },
    {
        "model": "listen.trackrole",
        "pk": 1,
        "fields": {
            "track": 1,
            "person": 2,
            "role": 2,
            "alt_name": null
        }
    },
    {
        "model": "listen.trackrole",
        "pk": 2,
        "fields": {
            "track": 1,
            "person": 3,
            "role": 3,
            "alt_name": null
        }
    },
    {
        "model": "listen.trackrole",
        "pk": 3,
        "fields": {
            "track": 1,
            "person": 4,
            "role": 4,
            "alt_name": null
        }
    },
    {
        "model": "listen.trackrole",
        "pk": 4,
        "fields": {
            "track": 1,
            "person": 2,
            "role": 4,
            "alt_name": null
        }
    },
    {
        "model": "listen.trackrole",
        "pk": 5,
        "fields": {
            "track": 1,
            "person": 2,
            "role": 6,
            "alt_name": null
        }
    },
    {
        "model": "listen.trackrole",
        "pk": 6,
        "fields": {
            "track": 1,
            "person": 4,
            "role": 5,
            "alt_name": null
        }
    },
    {
        "model": "listen.trackrole",
        "pk": 7,
        "fields": {
            "track": 1,
            "person": 2,
            "role": 5,
            "alt_name": null
        }
    },
    {
        "model": "listen.trackrole",
        "pk": 8,
        "fields": {
            "track": 2,
            "person": 6,
            "role": 2,
            "alt_name": null
        }
    },
    {
        "model": "listen.trackrole",
        "pk": 9,
        "fields": {
            "track": 2,
            "person": 7,
            "role": 3,
            "alt_name": null
        }
    },
    {
        "model": "listen.trackrole",
        "pk": 10,
        "fields": {
            "track": 2,
            "person": 8,
            "role": 4,
            "alt_name": null
        }
    },
    {
        "model": "listen.trackrole",
        "pk": 11,
        "fields": {
            "track": 3,
            "person": 6,
            "role": 2,
            "alt_name": null
        }
    },
    {
        "model": "listen.trackrole",
        "pk": 12,
        "fields": {
            "track": 3,
            "person": 7,
            "role": 3,
            "alt_name": null
        }
    },
    {
        "model": "listen.trackrole",
        "pk": 13,
        "fields": {
            "track": 3,
            "person": 8,
            "role": 4,
            "alt_name": null
        }
    },
    {
        "model": "listen.trackrole",
        "pk": 14,
        "fields": {
            "track": 4,
            "person": 9,
            "role": 2,
            "alt_name": null
        }
    },
    {
        "model": "listen.trackrole",
        "pk": 15,
        "fields": {
            "track": 4,
            "person": 11,
            "role": 3,
            "alt_name": null
        }
    },
    {
        "model": "listen.trackrole",
        "pk": 16,
        "fields": {
            "track": 4,
            "person": 10,
            "role": 4,
            "alt_name": null
        }
    },
    {
        "model": "listen.trackrole",
        "pk": 17,
        "fields": {
            "track": 4,
            "person": 10,
            "role": 6,
            "alt_name": null
        }
    },
    {
        "model": "listen.trackrole",
        "pk": 18,
        "fields": {
            "track": 5,
            "person": 2,
            "role": 2,
            "alt_name": null
        }
    },
    {
        "model": "listen.trackrole",
        "pk": 19,
        "fields": {
            "track": 5,
            "person": 3,
            "role": 3,
            "alt_name": null
        }
    },
    {
        "model": "listen.trackrole",
        "pk": 20,
        "fields": {
            "track": 5,
            "person": 2,
            "role": 4,
            "alt_name": null
        }
    },
    {
        "model": "listen.trackrole",
        "pk": 21,
        "fields": {
            "track": 5,
            "person": 2,
            "role": 6,
            "alt_name": null
        }
    },
    {
        "model": "listen.trackrole",
        "pk": 22,
        "fields": {
            "track": 5,
            "person": 12,
            "role": 5,
            "alt_name": null
        }
    },
    {
        "model": "listen.trackrole",
        "pk": 23,
        "fields": {
            "track": 5,
            "person": 2,
            "role": 5,
            "alt_name": null
        }
    },
    {
        "model": "listen.trackrole",
        "pk": 24,
        "fields": {
            "track": 6,
            "person": 2,
            "role": 4,
            "alt_name": null
        }
    },
    {
        "model": "listen.trackrole",
        "pk": 25,
        "fields": {
            "track": 6,
            "person": 2,
            "role": 2,
            "alt_name": null
        }
    },
    {
        "model": "listen.trackrole",
        "pk": 26,
        "fields": {
            "track": 7,
            "person": 2,
            "role": 2,
            "alt_name": null
        }
    },
    {
        "model": "listen.trackrole",
        "pk": 27,
        "fields": {
            "track": 7,
            "person": 3,
            "role": 3,
            "alt_name": null
        }
    },
    {
        "model": "listen.trackrole",
        "pk": 28,
        "fields": {
            "track": 7,
            "person": 2,
            "role": 4,
            "alt_name": null
        }
    },
    {
        "model": "listen.trackrole",
        "pk": 29,
        "fields": {
            "track": 7,
            "person": 2,
            "role": 6,
            "alt_name": null
        }
    },
    {
        "model": "listen.trackrole",
        "pk": 30,
        "fields": {
            "track": 7,
            "person": 2,
            "role": 5,
            "alt_name": null
        }
    },
    {
        "model": "listen.release",
        "pk": 1,
        "fields": {
            "cover": "covers/下一位前度-2019.01.11/611508da-959d-43e3-bf4f-a93b5ca8fc6a.jpg",
            "cover_sens": false,
            "title": "下一位前度",
            "subtitle": null,
            "romanized_title": "NEXT",
            "genre": null,
            "release_date": "2019.01.11",
            "release_type": "Single",
            "release_format": "Digital",
            "release_region": null,
            "release_length": "4:35",
            "isrc": null,
            "spotify_url": "https://open.spotify.com/album/59YA2cgcSxJ8ndjcWfNbYr",
            "apple_music_url": "https://music.apple.com/album/下一位前度-single/1592726471",
            "youtube_url": null,
            "note": "",
            "created_at": "2023-07-05T19:47:29.017Z",
            "updated_at": "2023-07-05T19:47:47.280Z",
            "created_by": 1,
            "updated_by": 1,
            "label": [
                1
            ]
        }
    },
    {
        "model": "listen.release",
        "pk": 2,
        "fields": {
            "cover": "covers/踮起腳尖愛hpy-version-2023.07.01/f5c6e7e4-6b32-40b7-95c4-747ad536a238.jpg",
            "cover_sens": false,
            "title": "踮起腳尖愛（HPY Version）",
            "subtitle": null,
            "romanized_title": "Tiptoe to You (HPY Version)",
            "genre": null,
            "release_date": "2023.07.01",
            "release_type": "Single",
            "release_format": "Digital",
            "release_region": null,
            "release_length": "4:47",
            "isrc": null,
            "spotify_url": "https://open.spotify.com/album/23fhPRWsq132UKEZvmepd1",
            "apple_music_url": "https://music.apple.com/album/踮起腳尖愛-hpy-version-single/1694641791",
            "youtube_url": null,
            "note": "",
            "created_at": "2023-07-06T14:34:54.737Z",
            "updated_at": "2023-07-06T14:34:54.798Z",
            "created_by": 1,
            "updated_by": 1,
            "label": [
                2
            ]
        }
    },
    {
        "model": "listen.release",
        "pk": 3,
        "fields": {
            "cover": "covers/企好-2023.07.06/387f4821-450e-47d1-85e5-7ef16bba89b4.jpg",
            "cover_sens": false,
            "title": "企好",
            "subtitle": null,
            "romanized_title": "Attention",
            "genre": null,
            "release_date": "2023.07.06",
            "release_type": "Single",
            "release_format": "Digital",
            "release_region": null,
            "release_length": "3:26",
            "isrc": null,
            "spotify_url": "https://open.spotify.com/album/7A6puxwZwV0hxCNzjeg6S8",
            "apple_music_url": "https://music.apple.com/album/企好-single/1695684914",
            "youtube_url": null,
            "note": "",
            "created_at": "2023-07-07T06:46:45.093Z",
            "updated_at": "2023-07-07T06:46:45.182Z",
            "created_by": 1,
            "updated_by": 1,
            "label": [
                4
            ]
        }
    },
    {
        "model": "listen.release",
        "pk": 4,
        "fields": {
            "cover": "covers/拼命無恙-2020.01.17/c915c441-44f6-443d-8a1a-d05c1fe40ecf.jpeg",
            "cover_sens": false,
            "title": "拼命無恙",
            "subtitle": null,
            "romanized_title": "In a Funk",
            "genre": null,
            "release_date": "2020.01.17",
            "release_type": "Single",
            "release_format": "Digital",
            "release_region": null,
            "release_length": "4:01",
            "isrc": null,
            "spotify_url": "https://open.spotify.com/album/6Hd9IYwCjJ7jmoxX0Gx5n1",
            "apple_music_url": "https://music.apple.com/album/拼命無恙-single/1564698445",
            "youtube_url": null,
            "note": "",
            "created_at": "2023-07-07T13:12:27.353Z",
            "updated_at": "2023-07-07T13:12:27.504Z",
            "created_by": 1,
            "updated_by": 1,
            "label": [
                1
            ]
        }
    },
    {
        "model": "listen.release",
        "pk": 5,
        "fields": {
            "cover": "covers/maroon拼命無恙-demo-2020.02.04/854466f3-c7b9-4e52-a8a2-e042cdffe356.jpg",
            "cover_sens": false,
            "title": "MAROON（拼命無恙 demo）",
            "subtitle": null,
            "romanized_title": null,
            "genre": null,
            "release_date": "2020.02.04",
            "release_type": "Single",
            "release_format": "Digital",
            "release_region": null,
            "release_length": "4:00",
            "isrc": null,
            "spotify_url": "https://open.spotify.com/album/1qDmzaFo151ArQY9Z0CBSe",
            "apple_music_url": "https://music.apple.com/album/maroon-拼命無恙-demo-single/1564698503",
            "youtube_url": null,
            "note": "",
            "created_at": "2023-07-07T14:19:52.990Z",
            "updated_at": "2023-07-07T14:19:53.098Z",
            "created_by": 1,
            "updated_by": 1,
            "label": [
                1
            ]
        }
    },
    {
        "model": "listen.release",
        "pk": 6,
        "fields": {
            "cover": "covers/怪我只敢做好人-2023.07.10/3f926810-ce71-4407-a80f-7421f8485cf0.jpeg",
            "cover_sens": false,
            "title": "怪我只敢做好人",
            "subtitle": null,
            "romanized_title": "Monologue",
            "genre": null,
            "release_date": "2023.07.10",
            "release_type": "Single",
            "release_format": "Digital",
            "release_region": null,
            "release_length": "3:58",
            "isrc": null,
            "spotify_url": "https://open.spotify.com/album/6W16HM33LbSuXP9twr1Md0",
            "apple_music_url": "https://music.apple.com/album/怪我只敢做好人-single/1696056737",
            "youtube_url": "https://youtu.be/uDsV6TW903U",
            "note": "",
            "created_at": "2023-07-10T09:25:57.266Z",
            "updated_at": "2023-07-10T18:45:01.509Z",
            "created_by": 1,
            "updated_by": 1,
            "label": [
                1
            ]
        }
    },
    {
        "model": "listen.releaserole",
        "pk": 1,
        "fields": {
            "release": 1,
            "person": 2,
            "role": 2,
            "alt_name": null
        }
    },
    {
        "model": "listen.releaserole",
        "pk": 2,
        "fields": {
            "release": 1,
            "person": 3,
            "role": 3,
            "alt_name": null
        }
    },
    {
        "model": "listen.releaserole",
        "pk": 3,
        "fields": {
            "release": 1,
            "person": 4,
            "role": 4,
            "alt_name": null
        }
    },
    {
        "model": "listen.releaserole",
        "pk": 4,
        "fields": {
            "release": 1,
            "person": 2,
            "role": 4,
            "alt_name": null
        }
    },
    {
        "model": "listen.releaserole",
        "pk": 5,
        "fields": {
            "release": 1,
            "person": 2,
            "role": 6,
            "alt_name": null
        }
    },
    {
        "model": "listen.releaserole",
        "pk": 6,
        "fields": {
            "release": 1,
            "person": 4,
            "role": 5,
            "alt_name": null
        }
    },
    {
        "model": "listen.releaserole",
        "pk": 7,
        "fields": {
            "release": 1,
            "person": 2,
            "role": 5,
            "alt_name": null
        }
    },
    {
        "model": "listen.releaserole",
        "pk": 8,
        "fields": {
            "release": 2,
            "person": 6,
            "role": 2,
            "alt_name": null
        }
    },
    {
        "model": "listen.releaserole",
        "pk": 9,
        "fields": {
            "release": 2,
            "person": 7,
            "role": 3,
            "alt_name": null
        }
    },
    {
        "model": "listen.releaserole",
        "pk": 10,
        "fields": {
            "release": 2,
            "person": 8,
            "role": 4,
            "alt_name": null
        }
    },
    {
        "model": "listen.releaserole",
        "pk": 11,
        "fields": {
            "release": 3,
            "person": 9,
            "role": 2,
            "alt_name": null
        }
    },
    {
        "model": "listen.releaserole",
        "pk": 12,
        "fields": {
            "release": 3,
            "person": 11,
            "role": 3,
            "alt_name": null
        }
    },
    {
        "model": "listen.releaserole",
        "pk": 13,
        "fields": {
            "release": 3,
            "person": 10,
            "role": 4,
            "alt_name": null
        }
    },
    {
        "model": "listen.releaserole",
        "pk": 14,
        "fields": {
            "release": 4,
            "person": 2,
            "role": 2,
            "alt_name": null
        }
    },
    {
        "model": "listen.releaserole",
        "pk": 15,
        "fields": {
            "release": 4,
            "person": 3,
            "role": 3,
            "alt_name": null
        }
    },
    {
        "model": "listen.releaserole",
        "pk": 16,
        "fields": {
            "release": 4,
            "person": 2,
            "role": 4,
            "alt_name": null
        }
    },
    {
        "model": "listen.releaserole",
        "pk": 17,
        "fields": {
            "release": 4,
            "person": 2,
            "role": 6,
            "alt_name": null
        }
    },
    {
        "model": "listen.releaserole",
        "pk": 18,
        "fields": {
            "release": 4,
            "person": 12,
            "role": 5,
            "alt_name": null
        }
    },
    {
        "model": "listen.releaserole",
        "pk": 19,
        "fields": {
            "release": 4,
            "person": 2,
            "role": 5,
            "alt_name": null
        }
    },
    {
        "model": "listen.releaserole",
        "pk": 20,
        "fields": {
            "release": 5,
            "person": 2,
            "role": 2,
            "alt_name": null
        }
    },
    {
        "model": "listen.releaserole",
        "pk": 21,
        "fields": {
            "release": 5,
            "person": 2,
            "role": 4,
            "alt_name": null
        }
    },
    {
        "model": "listen.releaserole",
        "pk": 22,
        "fields": {
            "release": 6,
            "person": 2,
            "role": 2,
            "alt_name": null
        }
    },
    {
        "model": "listen.releaserole",
        "pk": 23,
        "fields": {
            "release": 6,
            "person": 3,
            "role": 3,
            "alt_name": null
        }
    },
    {
        "model": "listen.releaserole",
        "pk": 24,
        "fields": {
            "release": 6,
            "person": 2,
            "role": 4,
            "alt_name": null
        }
    },
    {
        "model": "listen.releaserole",
        "pk": 25,
        "fields": {
            "release": 6,
            "person": 2,
            "role": 6,
            "alt_name": null
        }
    },
    {
        "model": "listen.releaserole",
        "pk": 26,
        "fields": {
            "release": 6,
            "person": 2,
            "role": 5,
            "alt_name": null
        }
    },
    {
        "model": "listen.releasetrack",
        "pk": 1,
        "fields": {
            "release": 1,
            "track": 1,
            "alt_title": null,
            "disk": 1,
            "order": 1
        }
    },
    {
        "model": "listen.releasetrack",
        "pk": 2,
        "fields": {
            "release": 2,
            "track": 3,
            "alt_title": null,
            "disk": 1,
            "order": 1
        }
    },
    {
        "model": "listen.releasetrack",
        "pk": 3,
        "fields": {
            "release": 3,
            "track": 4,
            "alt_title": null,
            "disk": 1,
            "order": 1
        }
    },
    {
        "model": "listen.releasetrack",
        "pk": 4,
        "fields": {
            "release": 4,
            "track": 5,
            "alt_title": null,
            "disk": 1,
            "order": 1
        }
    },
    {
        "model": "listen.releasetrack",
        "pk": 5,
        "fields": {
            "release": 5,
            "track": 6,
            "alt_title": null,
            "disk": 1,
            "order": 1
        }
    },
    {
        "model": "listen.releasetrack",
        "pk": 6,
        "fields": {
            "release": 6,
            "track": 7,
            "alt_title": null,
            "disk": 1,
            "order": 1
        }
    },
    {
        "model": "listen.listencheckin",
        "pk": 1,
        "fields": {
            "content_type": 40,
            "object_id": 2,
            "user": 1,
            "status": "listening",
            "share_to_feed": true,
            "content": "Maybe I should change \"Listening\" to \"Looping\".",
            "timestamp": "2023-07-06T15:05:56.627Z",
            "progress": null,
            "progress_type": "LT",
            "comments_enabled": true,
            "tags": []
        }
    },
    {
        "model": "listen.listencheckin",
        "pk": 2,
        "fields": {
            "content_type": 40,
            "object_id": 2,
            "user": 1,
            "status": "looping",
            "share_to_feed": true,
            "content": "Now one can loop a song! :D",
            "timestamp": "2023-07-06T15:23:26.521Z",
            "progress": null,
            "progress_type": "TT",
            "comments_enabled": true,
            "tags": []
        }
    },
    {
        "model": "listen.listencheckin",
        "pk": 3,
        "fields": {
            "content_type": 40,
            "object_id": 2,
            "user": 1,
            "status": "looping",
            "share_to_feed": true,
            "content": "我把這版跟 11 年版本放在了一個 playlist 循環，終於聽出了區別：HPY 版開頭有「黑膠塵埃聲」。\r\n\r\n這是什麼梗？\r\n\r\n> 「你聽黑膠的嗎？」大衛問維珍。\r\n> 「我只聽黑膠。」\r\n> 「為什麼不聽 CD，多方便，收藏又容易。我以前都有聽黑膠，單自從沒有唱盤之後就沒聽了。」\r\n> 「黑膠是人，CD 是機器，你不覺得嗎？」\r\n> 一樣的歌曲為什麼在不同的載體上會有那麼大的分別？CD 也可以很高質的。大衛當然不會這樣說。\r\n> 「你聽 CD，會聽到塵埃的聲音嗎？」維珍問。\r\n> 「這個當然不會。」\r\n> 「那就是人和機器的分別，我喜歡聽黑膠會聽到塵埃的聲音，沙沙聲，有點瑕疵才有生命。」\r\n>  [南方舞廳，鴨寮街，瑪嘉烈與大衛的前度（2015）](/c)\r\n\r\n不知道維珍聽到流媒體音樂的沙沙聲，會不會也覺得這是生命？",
            "timestamp": "2023-07-06T16:39:57.627Z",
            "progress": null,
            "progress_type": "TT",
            "comments_enabled": true,
            "tags": []
        }
    },
    {
        "model": "listen.listencheckin",
        "pk": 4,
        "fields": {
            "content_type": 40,
            "object_id": 2,
            "user": 1,
            "status": "listened",
            "share_to_feed": false,
            "content": "",
            "timestamp": "2023-07-07T06:31:47.376Z",
            "progress": null,
            "progress_type": "TT",
            "comments_enabled": true,
            "tags": []
        }
    },
    {
        "model": "listen.listencheckin",
        "pk": 5,
        "fields": {
            "content_type": 40,
            "object_id": 3,
            "user": 1,
            "status": "looping",
            "share_to_feed": true,
            "content": "> 「人是脊椎生物 何懼獨舞」\r\n\r\n今天份的單曲循環。",
            "timestamp": "2023-07-07T07:03:54.022Z",
            "progress": null,
            "progress_type": "TT",
            "comments_enabled": true,
            "tags": []
        }
    },
    {
        "model": "listen.listencheckin",
        "pk": 6,
        "fields": {
            "content_type": 40,
            "object_id": 4,
            "user": 1,
            "status": "listened",
            "share_to_feed": true,
            "content": "測試音樂條目添加了這首，於是又回過頭去聽了幾次。果然林家謙那麼多首歌裡我最喜歡的還是這首。\r\n\r\n> 世上偶遇也是重遇\r\n\r\n如果沒有記錯，這句應該是林夕在某個 2020 年之前的講座裡回答聽眾提問時說過的。這首出來的時候，真的有一種「世上偶遇也是重遇」的奇妙感。",
            "timestamp": "2023-07-07T14:33:55.100Z",
            "progress": null,
            "progress_type": "TT",
            "comments_enabled": true,
            "tags": []
        }
    },
    {
        "model": "listen.listencheckin",
        "pk": 7,
        "fields": {
            "content_type": 40,
            "object_id": 3,
            "user": 1,
            "status": "listened",
            "share_to_feed": false,
            "content": "Y 現在的詞，乍一眼看上去都很酷有深度，但聽多了就像說教，開始有點煩。",
            "timestamp": "2023-07-08T18:21:00.064Z",
            "progress": null,
            "progress_type": "TT",
            "comments_enabled": true,
            "tags": []
        }
    },
    {
        "model": "listen.listencheckin",
        "pk": 8,
        "fields": {
            "content_type": 40,
            "object_id": 6,
            "user": 1,
            "status": "looping",
            "share_to_feed": false,
            "content": "> 人 難道需怕善欺惡才可像個人\r\n> 難 難在幻想愛能感化恨\r\n\r\nTerence 終於也有了一首 openly 關乎社會公義的歌。",
            "timestamp": "2023-07-10T09:46:10.550Z",
            "progress": null,
            "progress_type": "TT",
            "comments_enabled": true,
            "tags": []
        }
    },
    {
        "model": "listen.listencheckin",
        "pk": 9,
        "fields": {
            "content_type": 40,
            "object_id": 6,
            "user": 1,
            "status": "looping",
            "share_to_feed": false,
            "content": "> 若靠自己判斷我好壞 怕有失公允\r\n> 但覺自己太易對不住 某處境的某人\r\n> 內疚得很 自責得深\r\n> 如何可 不顧人 請指引\r\n\r\n這段讓我聯想到 The Great Gatsby <ruby>名句<rt>cliché</rt></ruby>：\r\n\r\n> “Whenever you feel like criticizing any one... just remember that all the people in this world haven't had the advantages that you've had.” \r\n\r\n想做且能做到好人，是因為有幸。\r\n\r\n有的人想做好人，但受處境所困。對應《某種老朋友》裡：\r\n\r\n> 肯與不再肯也未出於自願\r\n\r\n有的人乾脆沒思考過好人壞人的問題，是因為處境根本就不鼓勵他們有這樣的思考。他們只是\r\n\r\n> 塑膠的複製人",
            "timestamp": "2023-07-10T18:44:10.987Z",
            "progress": null,
            "progress_type": "TT",
            "comments_enabled": true,
            "tags": []
        }
    },
    {
        "model": "play.developer",
        "pk": 1,
        "fields": {
            "name": "Leaf",
            "romanized_name": null,
            "note": null,
            "created_at": "2023-07-14T12:59:28.233Z",
            "updated_at": "2023-07-14T12:59:28.233Z",
            "created_by": 1,
            "updated_by": 1,
            "history": "",
            "location": null,
            "website": "https://leaf.aquaplus.jp",
            "founded_date": null,
            "closed_date": null
        }
    },
    {
        "model": "play.gamepublisher",
        "pk": 1,
        "fields": {
            "name": "Leaf",
            "romanized_name": null,
            "note": null,
            "created_at": "2023-07-14T13:24:17.715Z",
            "updated_at": "2023-07-14T13:24:17.715Z",
            "created_by": 1,
            "updated_by": 1,
            "history": "",
            "location": null,
            "website": "https://leaf.aquaplus.jp",
            "founded_date": null,
            "closed_date": null
        }
    },
    {
        "model": "play.gamepublisher",
        "pk": 2,
        "fields": {
            "name": "アクアプラス",
            "romanized_name": "aquaplus",
            "note": null,
            "created_at": "2023-07-14T13:32:24.741Z",
            "updated_at": "2023-07-14T13:32:35.750Z",
            "created_by": 1,
            "updated_by": 1,
            "history": "",
            "location": null,
            "website": "https://aquaplus.jp",
            "founded_date": null,
            "closed_date": null
        }
    },
    {
        "model": "play.platform",
        "pk": 1,
        "fields": {
            "name": "Windows",
            "romanized_name": null,
            "note": null,
            "created_at": "2023-07-14T13:25:09.315Z",
            "updated_at": "2023-07-14T13:25:09.315Z",
            "created_by": 1,
            "updated_by": 1,
            "history": null,
            "website": null,
            "release_date": null,
            "discontinued_date": null
        }
    },
    {
        "model": "play.platform",
        "pk": 2,
        "fields": {
            "name": "Playstation 3",
            "romanized_name": null,
            "note": null,
            "created_at": "2023-07-14T13:32:48.651Z",
            "updated_at": "2023-07-14T13:32:48.651Z",
            "created_by": 1,
            "updated_by": 1,
            "history": null,
            "website": null,
            "release_date": null,
            "discontinued_date": null
        }
    },
    {
        "model": "play.work",
        "pk": 1,
        "fields": {
            "title": "WHITE ALBUM2",
            "subtitle": null,
            "romanized_title": null,
            "first_release_date": "2010.03.26",
            "work_type": null,
            "created_at": "2023-07-14T13:20:37.087Z",
            "updated_at": "2023-07-14T13:20:37.125Z",
            "created_by": 1,
            "updated_by": 1,
            "developers": [
                1
            ]
        }
    },
    {
        "model": "play.workrole",
        "pk": 1,
        "fields": {
            "work": 1,
            "person": 29,
            "role": 16,
            "alt_name": null
        }
    },
    {
        "model": "play.workrole",
        "pk": 2,
        "fields": {
            "work": 1,
            "person": 30,
            "role": 17,
            "alt_name": null
        }
    },
    {
        "model": "play.game",
        "pk": 1,
        "fields": {
            "title": "WHITE ALBUM2 -introductory chapter-",
            "subtitle": null,
            "romanized_title": null,
            "work": 1,
            "release_date": "2010.03.26",
            "description": "",
            "website": null,
            "cover": "covers/white-album2-introductory-chapter-2010.03.26/dd454514-281f-40da-854b-71d97bd1b4d9.jpg",
            "cover_sens": false,
            "price": null,
            "created_at": "2023-07-14T13:25:44.489Z",
            "updated_at": "2023-07-14T13:25:44.679Z",
            "created_by": 1,
            "updated_by": 1,
            "developers": [
                1
            ],
            "publishers": [
                1
            ],
            "platforms": [
                1
            ]
        }
    },
    {
        "model": "play.game",
        "pk": 2,
        "fields": {
            "title": "WHITE ALBUM2 -closing chapter-",
            "subtitle": null,
            "romanized_title": null,
            "work": 1,
            "release_date": "2011.12.22",
            "description": "",
            "website": null,
            "cover": "covers/white-album2-closing-chapter-2011.12.22/73bb9bb3-d9d8-4f6e-9861-77946e4fde93.webp",
            "cover_sens": false,
            "price": null,
            "created_at": "2023-07-14T13:29:56.766Z",
            "updated_at": "2023-07-14T13:29:56.934Z",
            "created_by": 1,
            "updated_by": 1,
            "developers": [
                1
            ],
            "publishers": [
                1
            ],
            "platforms": [
                1
            ]
        }
    },
    {
        "model": "play.game",
        "pk": 3,
        "fields": {
            "title": "WHITE ALBUM2",
            "subtitle": "幸せの向こう側",
            "romanized_title": null,
            "work": 1,
            "release_date": "2012.12.20",
            "description": "",
            "website": null,
            "cover": "covers/white-album2-2012.12.20/c058792d-7974-4f61-a704-b4b3f1c0eed2.jpg",
            "cover_sens": false,
            "price": null,
            "created_at": "2023-07-14T13:33:09.706Z",
            "updated_at": "2023-07-14T13:33:10.042Z",
            "created_by": 1,
            "updated_by": 1,
            "developers": [
                1
            ],
            "publishers": [
                2
            ],
            "platforms": [
                2
            ]
        }
    },
    {
        "model": "play.game",
        "pk": 4,
        "fields": {
            "title": "WHITE ALBUM2",
            "subtitle": "EXTENDED EDITION",
            "romanized_title": null,
            "work": 1,
            "release_date": "2018.02.14",
            "description": "",
            "website": null,
            "cover": "covers/white-album2-2018.02.14/2856a333-16a6-44d3-b920-ed60769d108d.jpg",
            "cover_sens": false,
            "price": null,
            "created_at": "2023-07-14T13:35:14.575Z",
            "updated_at": "2023-07-14T13:35:14.740Z",
            "created_by": 1,
            "updated_by": 1,
            "developers": [
                1
            ],
            "publishers": [
                1
            ],
            "platforms": [
                1
            ]
        }
    },
    {
        "model": "play.gamerole",
        "pk": 1,
        "fields": {
            "game": 1,
            "person": 29,
            "role": 16,
            "alt_name": null
        }
    },
    {
        "model": "play.gamerole",
        "pk": 2,
        "fields": {
            "game": 1,
            "person": 30,
            "role": 17,
            "alt_name": null
        }
    },
    {
        "model": "play.gamerole",
        "pk": 3,
        "fields": {
            "game": 2,
            "person": 29,
            "role": 16,
            "alt_name": null
        }
    },
    {
        "model": "play.gamerole",
        "pk": 4,
        "fields": {
            "game": 2,
            "person": 30,
            "role": 17,
            "alt_name": null
        }
    },
    {
        "model": "play.gamerole",
        "pk": 5,
        "fields": {
            "game": 3,
            "person": 29,
            "role": 16,
            "alt_name": null
        }
    },
    {
        "model": "play.gamerole",
        "pk": 6,
        "fields": {
            "game": 3,
            "person": 30,
            "role": 17,
            "alt_name": null
        }
    },
    {
        "model": "play.gamerole",
        "pk": 7,
        "fields": {
            "game": 4,
            "person": 29,
            "role": 16,
            "alt_name": null
        }
    },
    {
        "model": "play.gamerole",
        "pk": 8,
        "fields": {
            "game": 4,
            "person": 30,
            "role": 17,
            "alt_name": null
        }
    },
    {
        "model": "watch.studio",
        "pk": 1,
        "fields": {
            "name": "日本テレビ",
            "romanized_name": "Nippon Television Network Corporation",
            "note": null,
            "created_at": "2023-07-14T06:39:53.787Z",
            "updated_at": "2023-07-14T06:39:53.787Z",
            "created_by": 1,
            "updated_by": 1,
            "history": "",
            "location": null,
            "website": "https://ja.wikipedia.org/wiki/日本テレビ放送網",
            "founded_date": null,
            "closed_date": null
        }
    },
    {
        "model": "watch.studio",
        "pk": 2,
        "fields": {
            "name": "フィルムメイカーズ",
            "romanized_name": null,
            "note": null,
            "created_at": "2023-07-14T09:26:54.994Z",
            "updated_at": "2023-07-14T09:26:54.994Z",
            "created_by": 1,
            "updated_by": 1,
            "history": "",
            "location": null,
            "website": "http://filmmakers.co.jp",
            "founded_date": null,
            "closed_date": null
        }
    },
    {
        "model": "watch.movie",
        "pk": 1,
        "fields": {
            "title": "花束みたいな恋をした",
            "subtitle": null,
            "romanized_title": "We Made a Beautiful Bouquet",
            "release_date": "2021.01.29",
            "description": "",
            "website": null,
            "poster": "posters/花束みたいな恋をした-2021.01.29/db310d72-97f5-4bd3-819f-e077fbf34332.jpg",
            "poster_sens": false,
            "box_office": null,
            "duration": null,
            "languages": null,
            "created_at": "2023-07-14T09:27:16.908Z",
            "updated_at": "2023-07-14T09:27:17.270Z",
            "created_by": 1,
            "updated_by": 1,
            "studios": [
                2
            ]
        }
    },
    {
        "model": "watch.movierole",
        "pk": 1,
        "fields": {
            "movie": 1,
            "person": 26,
            "role": 12,
            "alt_name": null
        }
    },
    {
        "model": "watch.movierole",
        "pk": 2,
        "fields": {
            "movie": 1,
            "person": 27,
            "role": 9,
            "alt_name": null
        }
    },
    {
        "model": "watch.moviecast",
        "pk": 1,
        "fields": {
            "movie": 1,
            "person": 21,
            "role": 10,
            "character_name": "山音麦"
        }
    },
    {
        "model": "watch.moviecast",
        "pk": 2,
        "fields": {
            "movie": 1,
            "person": 22,
            "role": 11,
            "character_name": "八谷絹"
        }
    },
    {
        "model": "watch.series",
        "pk": 1,
        "fields": {
            "title": "コントが始まる",
            "subtitle": null,
            "romanized_title": "Life's Punchline",
            "release_date": "2021.04.17",
            "description": "",
            "website": null,
            "poster": "posters/コントが始まる-2021.04.17/421d86a5-6423-47c6-b69c-e7c4928ba1ff.jpg",
            "poster_sens": false,
            "duration": null,
            "languages": null,
            "created_at": "2023-07-14T06:40:28.430Z",
            "updated_at": "2023-07-14T06:51:29.682Z",
            "created_by": 1,
            "updated_by": 1,
            "studios": [
                1
            ]
        }
    },
    {
        "model": "watch.seriesrole",
        "pk": 1,
        "fields": {
            "series": 1,
            "person": 20,
            "role": 9,
            "alt_name": null
        }
    },
    {
        "model": "watch.episode",
        "pk": 1,
        "fields": {
            "series": 1,
            "title": "水のトラブル",
            "subtitle": null,
            "romanized_title": null,
            "season": 1,
            "episode": 1,
            "release_date": "2021.04.17"
        }
    },
    {
        "model": "watch.episode",
        "pk": 2,
        "fields": {
            "series": 1,
            "title": "屋上",
            "subtitle": null,
            "romanized_title": null,
            "season": 1,
            "episode": 2,
            "release_date": "2021.04.24"
        }
    },
    {
        "model": "watch.episode",
        "pk": 3,
        "fields": {
            "series": 1,
            "title": "奇跡の水",
            "subtitle": null,
            "romanized_title": null,
            "season": 1,
            "episode": 3,
            "release_date": "2021.05.01"
        }
    },
    {
        "model": "watch.episode",
        "pk": 4,
        "fields": {
            "series": 1,
            "title": "捨て猫",
            "subtitle": null,
            "romanized_title": null,
            "season": 1,
            "episode": 4,
            "release_date": "2021.05.08"
        }
    },
    {
        "model": "watch.episode",
        "pk": 5,
        "fields": {
            "series": 1,
            "title": "カラオケボックス",
            "subtitle": null,
            "romanized_title": null,
            "season": 1,
            "episode": 5,
            "release_date": "2021.05.15"
        }
    },
    {
        "model": "watch.episode",
        "pk": 6,
        "fields": {
            "series": 1,
            "title": "金の斧銀の斧",
            "subtitle": null,
            "romanized_title": null,
            "season": 1,
            "episode": 6,
            "release_date": "2021.05.22"
        }
    },
    {
        "model": "watch.episode",
        "pk": 7,
        "fields": {
            "series": 1,
            "title": "無人島",
            "subtitle": null,
            "romanized_title": null,
            "season": 1,
            "episode": 7,
            "release_date": "2021.05.29"
        }
    },
    {
        "model": "watch.episode",
        "pk": 8,
        "fields": {
            "series": 1,
            "title": "ファミレス",
            "subtitle": null,
            "romanized_title": null,
            "season": 1,
            "episode": 8,
            "release_date": "2021.06.05"
        }
    },
    {
        "model": "watch.episode",
        "pk": 9,
        "fields": {
            "series": 1,
            "title": "結婚の挨拶",
            "subtitle": null,
            "romanized_title": null,
            "season": 1,
            "episode": 9,
            "release_date": "2021.06.12"
        }
    },
    {
        "model": "watch.episode",
        "pk": 10,
        "fields": {
            "series": 1,
            "title": "引っ越し",
            "subtitle": null,
            "romanized_title": null,
            "season": 1,
            "episode": 10,
            "release_date": "2021.6.19"
        }
    },
    {
        "model": "watch.episodecast",
        "pk": 1,
        "fields": {
            "episode": 1,
            "person": 21,
            "role": 10,
            "character_name": "高岩春斗"
        }
    },
    {
        "model": "watch.episodecast",
        "pk": 2,
        "fields": {
            "episode": 1,
            "person": 22,
            "role": 11,
            "character_name": "中浜里穂"
        }
    },
    {
        "model": "watch.episodecast",
        "pk": 3,
        "fields": {
            "episode": 1,
            "person": 23,
            "role": 10,
            "character_name": "朝吹瞬太"
        }
    },
    {
        "model": "watch.episodecast",
        "pk": 4,
        "fields": {
            "episode": 1,
            "person": 24,
            "role": 10,
            "character_name": "美濃輪潤平"
        }
    },
    {
        "model": "watch.episodecast",
        "pk": 5,
        "fields": {
            "episode": 1,
            "person": 25,
            "role": 11,
            "character_name": "中浜つむぎ"
        }
    },
    {
        "model": "watch.episodecast",
        "pk": 6,
        "fields": {
            "episode": 1,
            "person": 28,
            "role": 10,
            "character_name": "真壁権助"
        }
    },
    {
        "model": "watch.episodecast",
        "pk": 7,
        "fields": {
            "episode": 2,
            "person": 21,
            "role": 10,
            "character_name": "高岩春斗"
        }
    },
    {
        "model": "watch.episodecast",
        "pk": 8,
        "fields": {
            "episode": 2,
            "person": 22,
            "role": 11,
            "character_name": "中浜里穂子"
        }
    }
]