[
    {
        "model": "accounts.invitationcode",
        "pk": 1,
        "fields": {
            "code": "51dULy2J",
            "is_used": true,
            "generated_by": 1,
            "generated_at": "2023-06-22T13:05:42.988Z"
        }
    },
    {
        "model": "accounts.customuser",
        "pk": 1,
        "fields": {
            "password": "pbkdf2_sha256$600000$veVV4bDu3QXHCsFrrFOyBI$qidGduE+1K5GMyWSs7wLAu8Tsh5qOgDyO7RoQnAV4g0=",
            "last_login": "2023-06-22T12:26:34.477Z",
            "is_superuser": true,
            "username": "jyutgeisi",
            "first_name": "",
            "last_name": "",
            "email": "",
            "is_staff": true,
            "is_active": true,
            "date_joined": "2023-06-20T17:57:48.572Z",
            "code_used": null,
            "invited_by": null,
            "display_name": "越幾斯",
            "bio": "",
            "groups": [],
            "user_permissions": []
        }
    },
    {
        "model": "accounts.customuser",
        "pk": 2,
        "fields": {
            "password": "pbkdf2_sha256$600000$oQybiESZgoPec2ZddoqQc5$dUZmVf+HCEL6rvB4p/ZZeeS7oziDhsWnDqdvclKxYac=",
            "last_login": "2023-06-22T13:05:57.465Z",
            "is_superuser": false,
            "username": "tsuru",
            "first_name": "",
            "last_name": "",
            "email": "",
            "is_staff": false,
            "is_active": true,
            "date_joined": "2023-06-22T13:05:53.349Z",
            "code_used": 1,
            "invited_by": 1,
            "display_name": null,
            "bio": null,
            "groups": [],
            "user_permissions": []
        }
    },
    {
        "model": "admin.logentry",
        "pk": 1,
        "fields": {
            "action_time": "2023-06-21T14:03:33.392Z",
            "user": 1,
            "content_type": 23,
            "object_id": "4",
            "object_repr": "Art as Therapy",
            "action_flag": 3,
            "change_message": ""
        }
    },
    {
        "model": "admin.logentry",
        "pk": 2,
        "fields": {
            "action_time": "2023-06-21T14:03:33.397Z",
            "user": 1,
            "content_type": 23,
            "object_id": "3",
            "object_repr": "Men without Women",
            "action_flag": 3,
            "change_message": ""
        }
    },
    {
        "model": "admin.logentry",
        "pk": 3,
        "fields": {
            "action_time": "2023-06-21T14:03:33.399Z",
            "user": 1,
            "content_type": 23,
            "object_id": "2",
            "object_repr": "女のいない男たち",
            "action_flag": 3,
            "change_message": ""
        }
    },
    {
        "model": "admin.logentry",
        "pk": 4,
        "fields": {
            "action_time": "2023-06-21T14:03:33.400Z",
            "user": 1,
            "content_type": 23,
            "object_id": "1",
            "object_repr": "1Q84",
            "action_flag": 3,
            "change_message": ""
        }
    },
    {
        "model": "admin.logentry",
        "pk": 5,
        "fields": {
            "action_time": "2023-06-21T14:06:08.389Z",
            "user": 1,
            "content_type": 23,
            "object_id": "5",
            "object_repr": "1Q84",
            "action_flag": 3,
            "change_message": ""
        }
    },
    {
        "model": "admin.logentry",
        "pk": 6,
        "fields": {
            "action_time": "2023-06-21T14:13:17.639Z",
            "user": 1,
            "content_type": 23,
            "object_id": "5",
            "object_repr": "1Q84",
            "action_flag": 1,
            "change_message": "new through import_export"
        }
    },
    {
        "model": "admin.logentry",
        "pk": 7,
        "fields": {
            "action_time": "2023-06-21T14:13:25.653Z",
            "user": 1,
            "content_type": 23,
            "object_id": "4",
            "object_repr": "Art as Therapy",
            "action_flag": 1,
            "change_message": "new through import_export"
        }
    },
    {
        "model": "admin.logentry",
        "pk": 8,
        "fields": {
            "action_time": "2023-06-21T14:13:25.654Z",
            "user": 1,
            "content_type": 23,
            "object_id": "3",
            "object_repr": "Men without Women",
            "action_flag": 1,
            "change_message": "new through import_export"
        }
    },
    {
        "model": "admin.logentry",
        "pk": 9,
        "fields": {
            "action_time": "2023-06-21T14:13:25.655Z",
            "user": 1,
            "content_type": 23,
            "object_id": "2",
            "object_repr": "女のいない男たち",
            "action_flag": 1,
            "change_message": "new through import_export"
        }
    },
    {
        "model": "admin.logentry",
        "pk": 10,
        "fields": {
            "action_time": "2023-06-21T14:13:25.656Z",
            "user": 1,
            "content_type": 23,
            "object_id": "1",
            "object_repr": "1Q84",
            "action_flag": 1,
            "change_message": "new through import_export"
        }
    },
    {
        "model": "admin.logentry",
        "pk": 11,
        "fields": {
            "action_time": "2023-06-21T14:13:33.386Z",
            "user": 1,
            "content_type": 23,
            "object_id": "1",
            "object_repr": "1Q84",
            "action_flag": 3,
            "change_message": ""
        }
    },
    {
        "model": "admin.logentry",
        "pk": 12,
        "fields": {
            "action_time": "2023-06-21T14:19:08.358Z",
            "user": 1,
            "content_type": 29,
            "object_id": "9",
            "object_repr": "1Q84 - 村上春樹 - Author",
            "action_flag": 2,
            "change_message": "[{\"changed\": {\"fields\": [\"Role\"]}}]"
        }
    },
    {
        "model": "admin.logentry",
        "pk": 13,
        "fields": {
            "action_time": "2023-06-21T14:19:11.555Z",
            "user": 1,
            "content_type": 29,
            "object_id": "10",
            "object_repr": "1Q84 - Jay Rubin - Author",
            "action_flag": 2,
            "change_message": "[{\"changed\": {\"fields\": [\"Role\"]}}]"
        }
    },
    {
        "model": "admin.logentry",
        "pk": 14,
        "fields": {
            "action_time": "2023-06-21T14:19:14.693Z",
            "user": 1,
            "content_type": 29,
            "object_id": "12",
            "object_repr": "Art as Therapy - John Armstrong - Author",
            "action_flag": 2,
            "change_message": "[{\"changed\": {\"fields\": [\"Role\"]}}]"
        }
    },
    {
        "model": "admin.logentry",
        "pk": 15,
        "fields": {
            "action_time": "2023-06-21T14:19:18.207Z",
            "user": 1,
            "content_type": 29,
            "object_id": "13",
            "object_repr": "Men without Women - 村上春樹 - Author",
            "action_flag": 2,
            "change_message": "[{\"changed\": {\"fields\": [\"Role\"]}}]"
        }
    },
    {
        "model": "admin.logentry",
        "pk": 16,
        "fields": {
            "action_time": "2023-06-21T14:19:21.308Z",
            "user": 1,
            "content_type": 29,
            "object_id": "14",
            "object_repr": "女のいない男たち - 村上春樹 - Author",
            "action_flag": 2,
            "change_message": "[{\"changed\": {\"fields\": [\"Role\"]}}]"
        }
    },
    {
        "model": "admin.logentry",
        "pk": 17,
        "fields": {
            "action_time": "2023-06-21T14:24:26.726Z",
            "user": 1,
            "content_type": 23,
            "object_id": "5",
            "object_repr": "1Q84",
            "action_flag": 2,
            "change_message": "[]"
        }
    },
    {
        "model": "admin.logentry",
        "pk": 18,
        "fields": {
            "action_time": "2023-06-21T14:27:03.918Z",
            "user": 1,
            "content_type": 27,
            "object_id": "18",
            "object_repr": "Art as Therapy - Art as Therapy",
            "action_flag": 2,
            "change_message": "[{\"changed\": {\"fields\": [\"Person\", \"Role\"]}}]"
        }
    },
    {
        "model": "admin.logentry",
        "pk": 19,
        "fields": {
            "action_time": "2023-06-21T14:27:28.565Z",
            "user": 1,
            "content_type": 27,
            "object_id": "19",
            "object_repr": "Men without Women - ドライブ．マイ．カー",
            "action_flag": 2,
            "change_message": "[{\"changed\": {\"fields\": [\"Person\", \"Role\", \"Alt title\"]}}]"
        }
    },
    {
        "model": "admin.logentry",
        "pk": 20,
        "fields": {
            "action_time": "2023-06-21T14:46:18.004Z",
            "user": 1,
            "content_type": 23,
            "object_id": "5",
            "object_repr": "1Q84",
            "action_flag": 3,
            "change_message": ""
        }
    },
    {
        "model": "admin.logentry",
        "pk": 21,
        "fields": {
            "action_time": "2023-06-21T14:46:18.006Z",
            "user": 1,
            "content_type": 23,
            "object_id": "4",
            "object_repr": "Art as Therapy",
            "action_flag": 3,
            "change_message": ""
        }
    },
    {
        "model": "admin.logentry",
        "pk": 22,
        "fields": {
            "action_time": "2023-06-21T14:46:18.007Z",
            "user": 1,
            "content_type": 23,
            "object_id": "3",
            "object_repr": "Men without Women",
            "action_flag": 3,
            "change_message": ""
        }
    },
    {
        "model": "admin.logentry",
        "pk": 23,
        "fields": {
            "action_time": "2023-06-21T14:46:18.008Z",
            "user": 1,
            "content_type": 23,
            "object_id": "2",
            "object_repr": "女のいない男たち",
            "action_flag": 3,
            "change_message": ""
        }
    },
    {
        "model": "admin.logentry",
        "pk": 24,
        "fields": {
            "action_time": "2023-06-21T21:16:36.496Z",
            "user": 1,
            "content_type": 11,
            "object_id": "12",
            "object_repr": "Activity object (12)",
            "action_flag": 3,
            "change_message": ""
        }
    },
    {
        "model": "admin.logentry",
        "pk": 25,
        "fields": {
            "action_time": "2023-06-21T21:16:36.498Z",
            "user": 1,
            "content_type": 11,
            "object_id": "11",
            "object_repr": "Activity object (11)",
            "action_flag": 3,
            "change_message": ""
        }
    },
    {
        "model": "admin.logentry",
        "pk": 26,
        "fields": {
            "action_time": "2023-06-21T21:16:36.499Z",
            "user": 1,
            "content_type": 11,
            "object_id": "10",
            "object_repr": "Activity object (10)",
            "action_flag": 3,
            "change_message": ""
        }
    },
    {
        "model": "admin.logentry",
        "pk": 27,
        "fields": {
            "action_time": "2023-06-21T21:16:36.501Z",
            "user": 1,
            "content_type": 11,
            "object_id": "9",
            "object_repr": "Activity object (9)",
            "action_flag": 3,
            "change_message": ""
        }
    },
    {
        "model": "admin.logentry",
        "pk": 28,
        "fields": {
            "action_time": "2023-06-21T21:16:36.503Z",
            "user": 1,
            "content_type": 11,
            "object_id": "8",
            "object_repr": "Activity object (8)",
            "action_flag": 3,
            "change_message": ""
        }
    },
    {
        "model": "admin.logentry",
        "pk": 29,
        "fields": {
            "action_time": "2023-06-21T21:16:36.504Z",
            "user": 1,
            "content_type": 11,
            "object_id": "7",
            "object_repr": "Activity object (7)",
            "action_flag": 3,
            "change_message": ""
        }
    },
    {
        "model": "admin.logentry",
        "pk": 30,
        "fields": {
            "action_time": "2023-06-21T21:16:36.505Z",
            "user": 1,
            "content_type": 11,
            "object_id": "6",
            "object_repr": "Activity object (6)",
            "action_flag": 3,
            "change_message": ""
        }
    },
    {
        "model": "admin.logentry",
        "pk": 31,
        "fields": {
            "action_time": "2023-06-21T21:16:36.507Z",
            "user": 1,
            "content_type": 11,
            "object_id": "5",
            "object_repr": "Activity object (5)",
            "action_flag": 3,
            "change_message": ""
        }
    },
    {
        "model": "admin.logentry",
        "pk": 32,
        "fields": {
            "action_time": "2023-06-21T21:16:36.508Z",
            "user": 1,
            "content_type": 11,
            "object_id": "4",
            "object_repr": "Activity object (4)",
            "action_flag": 3,
            "change_message": ""
        }
    },
    {
        "model": "admin.logentry",
        "pk": 33,
        "fields": {
            "action_time": "2023-06-21T21:16:36.510Z",
            "user": 1,
            "content_type": 11,
            "object_id": "3",
            "object_repr": "Activity object (3)",
            "action_flag": 3,
            "change_message": ""
        }
    },
    {
        "model": "admin.logentry",
        "pk": 34,
        "fields": {
            "action_time": "2023-06-21T21:16:36.511Z",
            "user": 1,
            "content_type": 11,
            "object_id": "2",
            "object_repr": "Activity object (2)",
            "action_flag": 3,
            "change_message": ""
        }
    },
    {
        "model": "admin.logentry",
        "pk": 35,
        "fields": {
            "action_time": "2023-06-21T21:16:36.512Z",
            "user": 1,
            "content_type": 11,
            "object_id": "1",
            "object_repr": "Activity object (1)",
            "action_flag": 3,
            "change_message": ""
        }
    },
    {
        "model": "admin.logentry",
        "pk": 36,
        "fields": {
            "action_time": "2023-06-21T21:17:31.823Z",
            "user": 1,
            "content_type": 36,
            "object_id": "22",
            "object_repr": "BookCheckIn object (22)",
            "action_flag": 3,
            "change_message": ""
        }
    },
    {
        "model": "admin.logentry",
        "pk": 37,
        "fields": {
            "action_time": "2023-06-21T21:17:31.825Z",
            "user": 1,
            "content_type": 36,
            "object_id": "19",
            "object_repr": "BookCheckIn object (19)",
            "action_flag": 3,
            "change_message": ""
        }
    },
    {
        "model": "admin.logentry",
        "pk": 38,
        "fields": {
            "action_time": "2023-06-21T21:17:31.827Z",
            "user": 1,
            "content_type": 36,
            "object_id": "18",
            "object_repr": "BookCheckIn object (18)",
            "action_flag": 3,
            "change_message": ""
        }
    },
    {
        "model": "admin.logentry",
        "pk": 39,
        "fields": {
            "action_time": "2023-06-21T21:17:31.829Z",
            "user": 1,
            "content_type": 36,
            "object_id": "17",
            "object_repr": "BookCheckIn object (17)",
            "action_flag": 3,
            "change_message": ""
        }
    },
    {
        "model": "admin.logentry",
        "pk": 40,
        "fields": {
            "action_time": "2023-06-21T21:17:31.830Z",
            "user": 1,
            "content_type": 36,
            "object_id": "16",
            "object_repr": "BookCheckIn object (16)",
            "action_flag": 3,
            "change_message": ""
        }
    },
    {
        "model": "admin.logentry",
        "pk": 41,
        "fields": {
            "action_time": "2023-06-21T21:17:31.832Z",
            "user": 1,
            "content_type": 36,
            "object_id": "15",
            "object_repr": "BookCheckIn object (15)",
            "action_flag": 3,
            "change_message": ""
        }
    },
    {
        "model": "admin.logentry",
        "pk": 42,
        "fields": {
            "action_time": "2023-06-21T21:17:31.833Z",
            "user": 1,
            "content_type": 36,
            "object_id": "14",
            "object_repr": "BookCheckIn object (14)",
            "action_flag": 3,
            "change_message": ""
        }
    },
    {
        "model": "admin.logentry",
        "pk": 43,
        "fields": {
            "action_time": "2023-06-21T21:17:31.834Z",
            "user": 1,
            "content_type": 36,
            "object_id": "13",
            "object_repr": "BookCheckIn object (13)",
            "action_flag": 3,
            "change_message": ""
        }
    },
    {
        "model": "admin.logentry",
        "pk": 44,
        "fields": {
            "action_time": "2023-06-21T21:17:31.836Z",
            "user": 1,
            "content_type": 36,
            "object_id": "12",
            "object_repr": "BookCheckIn object (12)",
            "action_flag": 3,
            "change_message": ""
        }
    },
    {
        "model": "admin.logentry",
        "pk": 45,
        "fields": {
            "action_time": "2023-06-21T21:17:31.837Z",
            "user": 1,
            "content_type": 36,
            "object_id": "11",
            "object_repr": "BookCheckIn object (11)",
            "action_flag": 3,
            "change_message": ""
        }
    },
    {
        "model": "admin.logentry",
        "pk": 46,
        "fields": {
            "action_time": "2023-06-21T21:17:31.839Z",
            "user": 1,
            "content_type": 36,
            "object_id": "10",
            "object_repr": "BookCheckIn object (10)",
            "action_flag": 3,
            "change_message": ""
        }
    },
    {
        "model": "admin.logentry",
        "pk": 47,
        "fields": {
            "action_time": "2023-06-21T21:17:31.840Z",
            "user": 1,
            "content_type": 36,
            "object_id": "9",
            "object_repr": "BookCheckIn object (9)",
            "action_flag": 3,
            "change_message": ""
        }
    },
    {
        "model": "admin.logentry",
        "pk": 48,
        "fields": {
            "action_time": "2023-06-21T21:17:31.842Z",
            "user": 1,
            "content_type": 36,
            "object_id": "8",
            "object_repr": "BookCheckIn object (8)",
            "action_flag": 3,
            "change_message": ""
        }
    },
    {
        "model": "admin.logentry",
        "pk": 49,
        "fields": {
            "action_time": "2023-06-21T21:17:31.843Z",
            "user": 1,
            "content_type": 36,
            "object_id": "7",
            "object_repr": "BookCheckIn object (7)",
            "action_flag": 3,
            "change_message": ""
        }
    },
    {
        "model": "admin.logentry",
        "pk": 50,
        "fields": {
            "action_time": "2023-06-21T21:17:31.845Z",
            "user": 1,
            "content_type": 36,
            "object_id": "6",
            "object_repr": "BookCheckIn object (6)",
            "action_flag": 3,
            "change_message": ""
        }
    },
    {
        "model": "admin.logentry",
        "pk": 51,
        "fields": {
            "action_time": "2023-06-21T21:17:31.846Z",
            "user": 1,
            "content_type": 36,
            "object_id": "5",
            "object_repr": "BookCheckIn object (5)",
            "action_flag": 3,
            "change_message": ""
        }
    },
    {
        "model": "admin.logentry",
        "pk": 52,
        "fields": {
            "action_time": "2023-06-21T21:17:31.847Z",
            "user": 1,
            "content_type": 36,
            "object_id": "4",
            "object_repr": "BookCheckIn object (4)",
            "action_flag": 3,
            "change_message": ""
        }
    },
    {
        "model": "admin.logentry",
        "pk": 53,
        "fields": {
            "action_time": "2023-06-21T21:17:31.849Z",
            "user": 1,
            "content_type": 36,
            "object_id": "3",
            "object_repr": "BookCheckIn object (3)",
            "action_flag": 3,
            "change_message": ""
        }
    },
    {
        "model": "admin.logentry",
        "pk": 54,
        "fields": {
            "action_time": "2023-06-21T21:17:31.850Z",
            "user": 1,
            "content_type": 36,
            "object_id": "1",
            "object_repr": "BookCheckIn object (1)",
            "action_flag": 3,
            "change_message": ""
        }
    },
    {
        "model": "admin.logentry",
        "pk": 55,
        "fields": {
            "action_time": "2023-06-21T21:17:31.851Z",
            "user": 1,
            "content_type": 36,
            "object_id": "21",
            "object_repr": "BookCheckIn object (21)",
            "action_flag": 3,
            "change_message": ""
        }
    },
    {
        "model": "admin.logentry",
        "pk": 56,
        "fields": {
            "action_time": "2023-06-21T21:17:31.853Z",
            "user": 1,
            "content_type": 36,
            "object_id": "2",
            "object_repr": "BookCheckIn object (2)",
            "action_flag": 3,
            "change_message": ""
        }
    },
    {
        "model": "admin.logentry",
        "pk": 57,
        "fields": {
            "action_time": "2023-06-21T21:17:31.854Z",
            "user": 1,
            "content_type": 36,
            "object_id": "20",
            "object_repr": "BookCheckIn object (20)",
            "action_flag": 3,
            "change_message": ""
        }
    },
    {
        "model": "admin.logentry",
        "pk": 58,
        "fields": {
            "action_time": "2023-06-21T21:18:05.735Z",
            "user": 1,
            "content_type": 11,
            "object_id": "14",
            "object_repr": "Activity object (14)",
            "action_flag": 3,
            "change_message": ""
        }
    },
    {
        "model": "admin.logentry",
        "pk": 59,
        "fields": {
            "action_time": "2023-06-21T21:23:51.842Z",
            "user": 1,
            "content_type": 36,
            "object_id": "23",
            "object_repr": "BookCheckIn object (23)",
            "action_flag": 3,
            "change_message": ""
        }
    },
    {
        "model": "admin.logentry",
        "pk": 60,
        "fields": {
            "action_time": "2023-06-22T07:21:43.991Z",
            "user": 1,
            "content_type": 36,
            "object_id": "38",
            "object_repr": "BookCheckIn object (38)",
            "action_flag": 3,
            "change_message": ""
        }
    },
    {
        "model": "admin.logentry",
        "pk": 61,
        "fields": {
            "action_time": "2023-06-22T07:21:43.994Z",
            "user": 1,
            "content_type": 36,
            "object_id": "37",
            "object_repr": "BookCheckIn object (37)",
            "action_flag": 3,
            "change_message": ""
        }
    },
    {
        "model": "admin.logentry",
        "pk": 62,
        "fields": {
            "action_time": "2023-06-22T07:21:43.995Z",
            "user": 1,
            "content_type": 36,
            "object_id": "36",
            "object_repr": "BookCheckIn object (36)",
            "action_flag": 3,
            "change_message": ""
        }
    },
    {
        "model": "admin.logentry",
        "pk": 63,
        "fields": {
            "action_time": "2023-06-22T07:21:43.996Z",
            "user": 1,
            "content_type": 36,
            "object_id": "35",
            "object_repr": "BookCheckIn object (35)",
            "action_flag": 3,
            "change_message": ""
        }
    },
    {
        "model": "admin.logentry",
        "pk": 64,
        "fields": {
            "action_time": "2023-06-22T07:21:43.997Z",
            "user": 1,
            "content_type": 36,
            "object_id": "34",
            "object_repr": "BookCheckIn object (34)",
            "action_flag": 3,
            "change_message": ""
        }
    },
    {
        "model": "admin.logentry",
        "pk": 65,
        "fields": {
            "action_time": "2023-06-22T07:21:43.998Z",
            "user": 1,
            "content_type": 36,
            "object_id": "33",
            "object_repr": "BookCheckIn object (33)",
            "action_flag": 3,
            "change_message": ""
        }
    },
    {
        "model": "admin.logentry",
        "pk": 66,
        "fields": {
            "action_time": "2023-06-22T07:21:43.999Z",
            "user": 1,
            "content_type": 36,
            "object_id": "32",
            "object_repr": "BookCheckIn object (32)",
            "action_flag": 3,
            "change_message": ""
        }
    },
    {
        "model": "admin.logentry",
        "pk": 67,
        "fields": {
            "action_time": "2023-06-22T07:21:44.000Z",
            "user": 1,
            "content_type": 36,
            "object_id": "31",
            "object_repr": "BookCheckIn object (31)",
            "action_flag": 3,
            "change_message": ""
        }
    },
    {
        "model": "admin.logentry",
        "pk": 68,
        "fields": {
            "action_time": "2023-06-22T07:21:44.001Z",
            "user": 1,
            "content_type": 36,
            "object_id": "30",
            "object_repr": "BookCheckIn object (30)",
            "action_flag": 3,
            "change_message": ""
        }
    },
    {
        "model": "admin.logentry",
        "pk": 69,
        "fields": {
            "action_time": "2023-06-22T07:21:44.002Z",
            "user": 1,
            "content_type": 36,
            "object_id": "29",
            "object_repr": "BookCheckIn object (29)",
            "action_flag": 3,
            "change_message": ""
        }
    },
    {
        "model": "admin.logentry",
        "pk": 70,
        "fields": {
            "action_time": "2023-06-22T07:21:44.003Z",
            "user": 1,
            "content_type": 36,
            "object_id": "28",
            "object_repr": "BookCheckIn object (28)",
            "action_flag": 3,
            "change_message": ""
        }
    },
    {
        "model": "admin.logentry",
        "pk": 71,
        "fields": {
            "action_time": "2023-06-22T07:21:44.004Z",
            "user": 1,
            "content_type": 36,
            "object_id": "27",
            "object_repr": "BookCheckIn object (27)",
            "action_flag": 3,
            "change_message": ""
        }
    },
    {
        "model": "admin.logentry",
        "pk": 72,
        "fields": {
            "action_time": "2023-06-22T07:21:44.005Z",
            "user": 1,
            "content_type": 36,
            "object_id": "26",
            "object_repr": "BookCheckIn object (26)",
            "action_flag": 3,
            "change_message": ""
        }
    },
    {
        "model": "admin.logentry",
        "pk": 73,
        "fields": {
            "action_time": "2023-06-22T07:21:44.006Z",
            "user": 1,
            "content_type": 36,
            "object_id": "25",
            "object_repr": "BookCheckIn object (25)",
            "action_flag": 3,
            "change_message": ""
        }
    },
    {
        "model": "auth.permission",
        "pk": 1,
        "fields": {
            "name": "Can add user",
            "content_type": 1,
            "codename": "add_customuser"
        }
    },
    {
        "model": "auth.permission",
        "pk": 2,
        "fields": {
            "name": "Can change user",
            "content_type": 1,
            "codename": "change_customuser"
        }
    },
    {
        "model": "auth.permission",
        "pk": 3,
        "fields": {
            "name": "Can delete user",
            "content_type": 1,
            "codename": "delete_customuser"
        }
    },
    {
        "model": "auth.permission",
        "pk": 4,
        "fields": {
            "name": "Can view user",
            "content_type": 1,
            "codename": "view_customuser"
        }
    },
    {
        "model": "auth.permission",
        "pk": 5,
        "fields": {
            "name": "Can add invitation code",
            "content_type": 2,
            "codename": "add_invitationcode"
        }
    },
    {
        "model": "auth.permission",
        "pk": 6,
        "fields": {
            "name": "Can change invitation code",
            "content_type": 2,
            "codename": "change_invitationcode"
        }
    },
    {
        "model": "auth.permission",
        "pk": 7,
        "fields": {
            "name": "Can delete invitation code",
            "content_type": 2,
            "codename": "delete_invitationcode"
        }
    },
    {
        "model": "auth.permission",
        "pk": 8,
        "fields": {
            "name": "Can view invitation code",
            "content_type": 2,
            "codename": "view_invitationcode"
        }
    },
    {
        "model": "auth.permission",
        "pk": 9,
        "fields": {
            "name": "Can add log entry",
            "content_type": 3,
            "codename": "add_logentry"
        }
    },
    {
        "model": "auth.permission",
        "pk": 10,
        "fields": {
            "name": "Can change log entry",
            "content_type": 3,
            "codename": "change_logentry"
        }
    },
    {
        "model": "auth.permission",
        "pk": 11,
        "fields": {
            "name": "Can delete log entry",
            "content_type": 3,
            "codename": "delete_logentry"
        }
    },
    {
        "model": "auth.permission",
        "pk": 12,
        "fields": {
            "name": "Can view log entry",
            "content_type": 3,
            "codename": "view_logentry"
        }
    },
    {
        "model": "auth.permission",
        "pk": 13,
        "fields": {
            "name": "Can add permission",
            "content_type": 4,
            "codename": "add_permission"
        }
    },
    {
        "model": "auth.permission",
        "pk": 14,
        "fields": {
            "name": "Can change permission",
            "content_type": 4,
            "codename": "change_permission"
        }
    },
    {
        "model": "auth.permission",
        "pk": 15,
        "fields": {
            "name": "Can delete permission",
            "content_type": 4,
            "codename": "delete_permission"
        }
    },
    {
        "model": "auth.permission",
        "pk": 16,
        "fields": {
            "name": "Can view permission",
            "content_type": 4,
            "codename": "view_permission"
        }
    },
    {
        "model": "auth.permission",
        "pk": 17,
        "fields": {
            "name": "Can add group",
            "content_type": 5,
            "codename": "add_group"
        }
    },
    {
        "model": "auth.permission",
        "pk": 18,
        "fields": {
            "name": "Can change group",
            "content_type": 5,
            "codename": "change_group"
        }
    },
    {
        "model": "auth.permission",
        "pk": 19,
        "fields": {
            "name": "Can delete group",
            "content_type": 5,
            "codename": "delete_group"
        }
    },
    {
        "model": "auth.permission",
        "pk": 20,
        "fields": {
            "name": "Can view group",
            "content_type": 5,
            "codename": "view_group"
        }
    },
    {
        "model": "auth.permission",
        "pk": 21,
        "fields": {
            "name": "Can add content type",
            "content_type": 6,
            "codename": "add_contenttype"
        }
    },
    {
        "model": "auth.permission",
        "pk": 22,
        "fields": {
            "name": "Can change content type",
            "content_type": 6,
            "codename": "change_contenttype"
        }
    },
    {
        "model": "auth.permission",
        "pk": 23,
        "fields": {
            "name": "Can delete content type",
            "content_type": 6,
            "codename": "delete_contenttype"
        }
    },
    {
        "model": "auth.permission",
        "pk": 24,
        "fields": {
            "name": "Can view content type",
            "content_type": 6,
            "codename": "view_contenttype"
        }
    },
    {
        "model": "auth.permission",
        "pk": 25,
        "fields": {
            "name": "Can add session",
            "content_type": 7,
            "codename": "add_session"
        }
    },
    {
        "model": "auth.permission",
        "pk": 26,
        "fields": {
            "name": "Can change session",
            "content_type": 7,
            "codename": "change_session"
        }
    },
    {
        "model": "auth.permission",
        "pk": 27,
        "fields": {
            "name": "Can delete session",
            "content_type": 7,
            "codename": "delete_session"
        }
    },
    {
        "model": "auth.permission",
        "pk": 28,
        "fields": {
            "name": "Can view session",
            "content_type": 7,
            "codename": "view_session"
        }
    },
    {
        "model": "auth.permission",
        "pk": 29,
        "fields": {
            "name": "Can add revision",
            "content_type": 8,
            "codename": "add_revision"
        }
    },
    {
        "model": "auth.permission",
        "pk": 30,
        "fields": {
            "name": "Can change revision",
            "content_type": 8,
            "codename": "change_revision"
        }
    },
    {
        "model": "auth.permission",
        "pk": 31,
        "fields": {
            "name": "Can delete revision",
            "content_type": 8,
            "codename": "delete_revision"
        }
    },
    {
        "model": "auth.permission",
        "pk": 32,
        "fields": {
            "name": "Can view revision",
            "content_type": 8,
            "codename": "view_revision"
        }
    },
    {
        "model": "auth.permission",
        "pk": 33,
        "fields": {
            "name": "Can add version",
            "content_type": 9,
            "codename": "add_version"
        }
    },
    {
        "model": "auth.permission",
        "pk": 34,
        "fields": {
            "name": "Can change version",
            "content_type": 9,
            "codename": "change_version"
        }
    },
    {
        "model": "auth.permission",
        "pk": 35,
        "fields": {
            "name": "Can delete version",
            "content_type": 9,
            "codename": "delete_version"
        }
    },
    {
        "model": "auth.permission",
        "pk": 36,
        "fields": {
            "name": "Can view version",
            "content_type": 9,
            "codename": "view_version"
        }
    },
    {
        "model": "auth.permission",
        "pk": 37,
        "fields": {
            "name": "Can add notification",
            "content_type": 10,
            "codename": "add_notification"
        }
    },
    {
        "model": "auth.permission",
        "pk": 38,
        "fields": {
            "name": "Can change notification",
            "content_type": 10,
            "codename": "change_notification"
        }
    },
    {
        "model": "auth.permission",
        "pk": 39,
        "fields": {
            "name": "Can delete notification",
            "content_type": 10,
            "codename": "delete_notification"
        }
    },
    {
        "model": "auth.permission",
        "pk": 40,
        "fields": {
            "name": "Can view notification",
            "content_type": 10,
            "codename": "view_notification"
        }
    },
    {
        "model": "auth.permission",
        "pk": 41,
        "fields": {
            "name": "Can add activity",
            "content_type": 11,
            "codename": "add_activity"
        }
    },
    {
        "model": "auth.permission",
        "pk": 42,
        "fields": {
            "name": "Can change activity",
            "content_type": 11,
            "codename": "change_activity"
        }
    },
    {
        "model": "auth.permission",
        "pk": 43,
        "fields": {
            "name": "Can delete activity",
            "content_type": 11,
            "codename": "delete_activity"
        }
    },
    {
        "model": "auth.permission",
        "pk": 44,
        "fields": {
            "name": "Can view activity",
            "content_type": 11,
            "codename": "view_activity"
        }
    },
    {
        "model": "auth.permission",
        "pk": 45,
        "fields": {
            "name": "Can add follow",
            "content_type": 12,
            "codename": "add_follow"
        }
    },
    {
        "model": "auth.permission",
        "pk": 46,
        "fields": {
            "name": "Can change follow",
            "content_type": 12,
            "codename": "change_follow"
        }
    },
    {
        "model": "auth.permission",
        "pk": 47,
        "fields": {
            "name": "Can delete follow",
            "content_type": 12,
            "codename": "delete_follow"
        }
    },
    {
        "model": "auth.permission",
        "pk": 48,
        "fields": {
            "name": "Can view follow",
            "content_type": 12,
            "codename": "view_follow"
        }
    },
    {
        "model": "auth.permission",
        "pk": 49,
        "fields": {
            "name": "Can add award",
            "content_type": 13,
            "codename": "add_award"
        }
    },
    {
        "model": "auth.permission",
        "pk": 50,
        "fields": {
            "name": "Can change award",
            "content_type": 13,
            "codename": "change_award"
        }
    },
    {
        "model": "auth.permission",
        "pk": 51,
        "fields": {
            "name": "Can delete award",
            "content_type": 13,
            "codename": "delete_award"
        }
    },
    {
        "model": "auth.permission",
        "pk": 52,
        "fields": {
            "name": "Can view award",
            "content_type": 13,
            "codename": "view_award"
        }
    },
    {
        "model": "auth.permission",
        "pk": 53,
        "fields": {
            "name": "Can add role",
            "content_type": 14,
            "codename": "add_role"
        }
    },
    {
        "model": "auth.permission",
        "pk": 54,
        "fields": {
            "name": "Can change role",
            "content_type": 14,
            "codename": "change_role"
        }
    },
    {
        "model": "auth.permission",
        "pk": 55,
        "fields": {
            "name": "Can delete role",
            "content_type": 14,
            "codename": "delete_role"
        }
    },
    {
        "model": "auth.permission",
        "pk": 56,
        "fields": {
            "name": "Can view role",
            "content_type": 14,
            "codename": "view_role"
        }
    },
    {
        "model": "auth.permission",
        "pk": 57,
        "fields": {
            "name": "Can add person",
            "content_type": 15,
            "codename": "add_person"
        }
    },
    {
        "model": "auth.permission",
        "pk": 58,
        "fields": {
            "name": "Can change person",
            "content_type": 15,
            "codename": "change_person"
        }
    },
    {
        "model": "auth.permission",
        "pk": 59,
        "fields": {
            "name": "Can delete person",
            "content_type": 15,
            "codename": "delete_person"
        }
    },
    {
        "model": "auth.permission",
        "pk": 60,
        "fields": {
            "name": "Can view person",
            "content_type": 15,
            "codename": "view_person"
        }
    },
    {
        "model": "auth.permission",
        "pk": 61,
        "fields": {
            "name": "Can add award recipient",
            "content_type": 16,
            "codename": "add_awardrecipient"
        }
    },
    {
        "model": "auth.permission",
        "pk": 62,
        "fields": {
            "name": "Can change award recipient",
            "content_type": 16,
            "codename": "change_awardrecipient"
        }
    },
    {
        "model": "auth.permission",
        "pk": 63,
        "fields": {
            "name": "Can delete award recipient",
            "content_type": 16,
            "codename": "delete_awardrecipient"
        }
    },
    {
        "model": "auth.permission",
        "pk": 64,
        "fields": {
            "name": "Can view award recipient",
            "content_type": 16,
            "codename": "view_awardrecipient"
        }
    },
    {
        "model": "auth.permission",
        "pk": 65,
        "fields": {
            "name": "Can add tag",
            "content_type": 17,
            "codename": "add_tag"
        }
    },
    {
        "model": "auth.permission",
        "pk": 66,
        "fields": {
            "name": "Can change tag",
            "content_type": 17,
            "codename": "change_tag"
        }
    },
    {
        "model": "auth.permission",
        "pk": 67,
        "fields": {
            "name": "Can delete tag",
            "content_type": 17,
            "codename": "delete_tag"
        }
    },
    {
        "model": "auth.permission",
        "pk": 68,
        "fields": {
            "name": "Can view tag",
            "content_type": 17,
            "codename": "view_tag"
        }
    },
    {
        "model": "auth.permission",
        "pk": 69,
        "fields": {
            "name": "Can add say",
            "content_type": 18,
            "codename": "add_say"
        }
    },
    {
        "model": "auth.permission",
        "pk": 70,
        "fields": {
            "name": "Can change say",
            "content_type": 18,
            "codename": "change_say"
        }
    },
    {
        "model": "auth.permission",
        "pk": 71,
        "fields": {
            "name": "Can delete say",
            "content_type": 18,
            "codename": "delete_say"
        }
    },
    {
        "model": "auth.permission",
        "pk": 72,
        "fields": {
            "name": "Can view say",
            "content_type": 18,
            "codename": "view_say"
        }
    },
    {
        "model": "auth.permission",
        "pk": 73,
        "fields": {
            "name": "Can add repost",
            "content_type": 19,
            "codename": "add_repost"
        }
    },
    {
        "model": "auth.permission",
        "pk": 74,
        "fields": {
            "name": "Can change repost",
            "content_type": 19,
            "codename": "change_repost"
        }
    },
    {
        "model": "auth.permission",
        "pk": 75,
        "fields": {
            "name": "Can delete repost",
            "content_type": 19,
            "codename": "delete_repost"
        }
    },
    {
        "model": "auth.permission",
        "pk": 76,
        "fields": {
            "name": "Can view repost",
            "content_type": 19,
            "codename": "view_repost"
        }
    },
    {
        "model": "auth.permission",
        "pk": 77,
        "fields": {
            "name": "Can add post",
            "content_type": 20,
            "codename": "add_post"
        }
    },
    {
        "model": "auth.permission",
        "pk": 78,
        "fields": {
            "name": "Can change post",
            "content_type": 20,
            "codename": "change_post"
        }
    },
    {
        "model": "auth.permission",
        "pk": 79,
        "fields": {
            "name": "Can delete post",
            "content_type": 20,
            "codename": "delete_post"
        }
    },
    {
        "model": "auth.permission",
        "pk": 80,
        "fields": {
            "name": "Can view post",
            "content_type": 20,
            "codename": "view_post"
        }
    },
    {
        "model": "auth.permission",
        "pk": 81,
        "fields": {
            "name": "Can add pin",
            "content_type": 21,
            "codename": "add_pin"
        }
    },
    {
        "model": "auth.permission",
        "pk": 82,
        "fields": {
            "name": "Can change pin",
            "content_type": 21,
            "codename": "change_pin"
        }
    },
    {
        "model": "auth.permission",
        "pk": 83,
        "fields": {
            "name": "Can delete pin",
            "content_type": 21,
            "codename": "delete_pin"
        }
    },
    {
        "model": "auth.permission",
        "pk": 84,
        "fields": {
            "name": "Can view pin",
            "content_type": 21,
            "codename": "view_pin"
        }
    },
    {
        "model": "auth.permission",
        "pk": 85,
        "fields": {
            "name": "Can add comment",
            "content_type": 22,
            "codename": "add_comment"
        }
    },
    {
        "model": "auth.permission",
        "pk": 86,
        "fields": {
            "name": "Can change comment",
            "content_type": 22,
            "codename": "change_comment"
        }
    },
    {
        "model": "auth.permission",
        "pk": 87,
        "fields": {
            "name": "Can delete comment",
            "content_type": 22,
            "codename": "delete_comment"
        }
    },
    {
        "model": "auth.permission",
        "pk": 88,
        "fields": {
            "name": "Can view comment",
            "content_type": 22,
            "codename": "view_comment"
        }
    },
    {
        "model": "auth.permission",
        "pk": 89,
        "fields": {
            "name": "Can add book",
            "content_type": 23,
            "codename": "add_book"
        }
    },
    {
        "model": "auth.permission",
        "pk": 90,
        "fields": {
            "name": "Can change book",
            "content_type": 23,
            "codename": "change_book"
        }
    },
    {
        "model": "auth.permission",
        "pk": 91,
        "fields": {
            "name": "Can delete book",
            "content_type": 23,
            "codename": "delete_book"
        }
    },
    {
        "model": "auth.permission",
        "pk": 92,
        "fields": {
            "name": "Can view book",
            "content_type": 23,
            "codename": "view_book"
        }
    },
    {
        "model": "auth.permission",
        "pk": 93,
        "fields": {
            "name": "Can add work",
            "content_type": 24,
            "codename": "add_work"
        }
    },
    {
        "model": "auth.permission",
        "pk": 94,
        "fields": {
            "name": "Can change work",
            "content_type": 24,
            "codename": "change_work"
        }
    },
    {
        "model": "auth.permission",
        "pk": 95,
        "fields": {
            "name": "Can delete work",
            "content_type": 24,
            "codename": "delete_work"
        }
    },
    {
        "model": "auth.permission",
        "pk": 96,
        "fields": {
            "name": "Can view work",
            "content_type": 24,
            "codename": "view_work"
        }
    },
    {
        "model": "auth.permission",
        "pk": 97,
        "fields": {
            "name": "Can add work role",
            "content_type": 25,
            "codename": "add_workrole"
        }
    },
    {
        "model": "auth.permission",
        "pk": 98,
        "fields": {
            "name": "Can change work role",
            "content_type": 25,
            "codename": "change_workrole"
        }
    },
    {
        "model": "auth.permission",
        "pk": 99,
        "fields": {
            "name": "Can delete work role",
            "content_type": 25,
            "codename": "delete_workrole"
        }
    },
    {
        "model": "auth.permission",
        "pk": 100,
        "fields": {
            "name": "Can view work role",
            "content_type": 25,
            "codename": "view_workrole"
        }
    },
    {
        "model": "auth.permission",
        "pk": 101,
        "fields": {
            "name": "Can add publisher",
            "content_type": 26,
            "codename": "add_publisher"
        }
    },
    {
        "model": "auth.permission",
        "pk": 102,
        "fields": {
            "name": "Can change publisher",
            "content_type": 26,
            "codename": "change_publisher"
        }
    },
    {
        "model": "auth.permission",
        "pk": 103,
        "fields": {
            "name": "Can delete publisher",
            "content_type": 26,
            "codename": "delete_publisher"
        }
    },
    {
        "model": "auth.permission",
        "pk": 104,
        "fields": {
            "name": "Can view publisher",
            "content_type": 26,
            "codename": "view_publisher"
        }
    },
    {
        "model": "auth.permission",
        "pk": 105,
        "fields": {
            "name": "Can add book work role",
            "content_type": 27,
            "codename": "add_bookworkrole"
        }
    },
    {
        "model": "auth.permission",
        "pk": 106,
        "fields": {
            "name": "Can change book work role",
            "content_type": 27,
            "codename": "change_bookworkrole"
        }
    },
    {
        "model": "auth.permission",
        "pk": 107,
        "fields": {
            "name": "Can delete book work role",
            "content_type": 27,
            "codename": "delete_bookworkrole"
        }
    },
    {
        "model": "auth.permission",
        "pk": 108,
        "fields": {
            "name": "Can view book work role",
            "content_type": 27,
            "codename": "view_bookworkrole"
        }
    },
    {
        "model": "auth.permission",
        "pk": 109,
        "fields": {
            "name": "Can add book work",
            "content_type": 28,
            "codename": "add_bookwork"
        }
    },
    {
        "model": "auth.permission",
        "pk": 110,
        "fields": {
            "name": "Can change book work",
            "content_type": 28,
            "codename": "change_bookwork"
        }
    },
    {
        "model": "auth.permission",
        "pk": 111,
        "fields": {
            "name": "Can delete book work",
            "content_type": 28,
            "codename": "delete_bookwork"
        }
    },
    {
        "model": "auth.permission",
        "pk": 112,
        "fields": {
            "name": "Can view book work",
            "content_type": 28,
            "codename": "view_bookwork"
        }
    },
    {
        "model": "auth.permission",
        "pk": 113,
        "fields": {
            "name": "Can add book role",
            "content_type": 29,
            "codename": "add_bookrole"
        }
    },
    {
        "model": "auth.permission",
        "pk": 114,
        "fields": {
            "name": "Can change book role",
            "content_type": 29,
            "codename": "change_bookrole"
        }
    },
    {
        "model": "auth.permission",
        "pk": 115,
        "fields": {
            "name": "Can delete book role",
            "content_type": 29,
            "codename": "delete_bookrole"
        }
    },
    {
        "model": "auth.permission",
        "pk": 116,
        "fields": {
            "name": "Can view book role",
            "content_type": 29,
            "codename": "view_bookrole"
        }
    },
    {
        "model": "auth.permission",
        "pk": 117,
        "fields": {
            "name": "Can add release",
            "content_type": 30,
            "codename": "add_release"
        }
    },
    {
        "model": "auth.permission",
        "pk": 118,
        "fields": {
            "name": "Can change release",
            "content_type": 30,
            "codename": "change_release"
        }
    },
    {
        "model": "auth.permission",
        "pk": 119,
        "fields": {
            "name": "Can delete release",
            "content_type": 30,
            "codename": "delete_release"
        }
    },
    {
        "model": "auth.permission",
        "pk": 120,
        "fields": {
            "name": "Can view release",
            "content_type": 30,
            "codename": "view_release"
        }
    },
    {
        "model": "auth.permission",
        "pk": 121,
        "fields": {
            "name": "Can add track",
            "content_type": 31,
            "codename": "add_track"
        }
    },
    {
        "model": "auth.permission",
        "pk": 122,
        "fields": {
            "name": "Can change track",
            "content_type": 31,
            "codename": "change_track"
        }
    },
    {
        "model": "auth.permission",
        "pk": 123,
        "fields": {
            "name": "Can delete track",
            "content_type": 31,
            "codename": "delete_track"
        }
    },
    {
        "model": "auth.permission",
        "pk": 124,
        "fields": {
            "name": "Can view track",
            "content_type": 31,
            "codename": "view_track"
        }
    },
    {
        "model": "auth.permission",
        "pk": 125,
        "fields": {
            "name": "Can add track role",
            "content_type": 32,
            "codename": "add_trackrole"
        }
    },
    {
        "model": "auth.permission",
        "pk": 126,
        "fields": {
            "name": "Can change track role",
            "content_type": 32,
            "codename": "change_trackrole"
        }
    },
    {
        "model": "auth.permission",
        "pk": 127,
        "fields": {
            "name": "Can delete track role",
            "content_type": 32,
            "codename": "delete_trackrole"
        }
    },
    {
        "model": "auth.permission",
        "pk": 128,
        "fields": {
            "name": "Can view track role",
            "content_type": 32,
            "codename": "view_trackrole"
        }
    },
    {
        "model": "auth.permission",
        "pk": 129,
        "fields": {
            "name": "Can add release role",
            "content_type": 33,
            "codename": "add_releaserole"
        }
    },
    {
        "model": "auth.permission",
        "pk": 130,
        "fields": {
            "name": "Can change release role",
            "content_type": 33,
            "codename": "change_releaserole"
        }
    },
    {
        "model": "auth.permission",
        "pk": 131,
        "fields": {
            "name": "Can delete release role",
            "content_type": 33,
            "codename": "delete_releaserole"
        }
    },
    {
        "model": "auth.permission",
        "pk": 132,
        "fields": {
            "name": "Can view release role",
            "content_type": 33,
            "codename": "view_releaserole"
        }
    },
    {
        "model": "auth.permission",
        "pk": 133,
        "fields": {
            "name": "Can add award category",
            "content_type": 34,
            "codename": "add_awardcategory"
        }
    },
    {
        "model": "auth.permission",
        "pk": 134,
        "fields": {
            "name": "Can change award category",
            "content_type": 34,
            "codename": "change_awardcategory"
        }
    },
    {
        "model": "auth.permission",
        "pk": 135,
        "fields": {
            "name": "Can delete award category",
            "content_type": 34,
            "codename": "delete_awardcategory"
        }
    },
    {
        "model": "auth.permission",
        "pk": 136,
        "fields": {
            "name": "Can view award category",
            "content_type": 34,
            "codename": "view_awardcategory"
        }
    },
    {
        "model": "auth.permission",
        "pk": 137,
        "fields": {
            "name": "Can add award instance",
            "content_type": 35,
            "codename": "add_awardinstance"
        }
    },
    {
        "model": "auth.permission",
        "pk": 138,
        "fields": {
            "name": "Can change award instance",
            "content_type": 35,
            "codename": "change_awardinstance"
        }
    },
    {
        "model": "auth.permission",
        "pk": 139,
        "fields": {
            "name": "Can delete award instance",
            "content_type": 35,
            "codename": "delete_awardinstance"
        }
    },
    {
        "model": "auth.permission",
        "pk": 140,
        "fields": {
            "name": "Can view award instance",
            "content_type": 35,
            "codename": "view_awardinstance"
        }
    },
    {
        "model": "auth.permission",
        "pk": 141,
        "fields": {
            "name": "Can add book check in",
            "content_type": 36,
            "codename": "add_bookcheckin"
        }
    },
    {
        "model": "auth.permission",
        "pk": 142,
        "fields": {
            "name": "Can change book check in",
            "content_type": 36,
            "codename": "change_bookcheckin"
        }
    },
    {
        "model": "auth.permission",
        "pk": 143,
        "fields": {
            "name": "Can delete book check in",
            "content_type": 36,
            "codename": "delete_bookcheckin"
        }
    },
    {
        "model": "auth.permission",
        "pk": 144,
        "fields": {
            "name": "Can view book check in",
            "content_type": 36,
            "codename": "view_bookcheckin"
        }
    },
    {
        "model": "contenttypes.contenttype",
        "pk": 1,
        "fields": {
            "app_label": "accounts",
            "model": "customuser"
        }
    },
    {
        "model": "contenttypes.contenttype",
        "pk": 2,
        "fields": {
            "app_label": "accounts",
            "model": "invitationcode"
        }
    },
    {
        "model": "contenttypes.contenttype",
        "pk": 3,
        "fields": {
            "app_label": "admin",
            "model": "logentry"
        }
    },
    {
        "model": "contenttypes.contenttype",
        "pk": 4,
        "fields": {
            "app_label": "auth",
            "model": "permission"
        }
    },
    {
        "model": "contenttypes.contenttype",
        "pk": 5,
        "fields": {
            "app_label": "auth",
            "model": "group"
        }
    },
    {
        "model": "contenttypes.contenttype",
        "pk": 6,
        "fields": {
            "app_label": "contenttypes",
            "model": "contenttype"
        }
    },
    {
        "model": "contenttypes.contenttype",
        "pk": 7,
        "fields": {
            "app_label": "sessions",
            "model": "session"
        }
    },
    {
        "model": "contenttypes.contenttype",
        "pk": 8,
        "fields": {
            "app_label": "reversion",
            "model": "revision"
        }
    },
    {
        "model": "contenttypes.contenttype",
        "pk": 9,
        "fields": {
            "app_label": "reversion",
            "model": "version"
        }
    },
    {
        "model": "contenttypes.contenttype",
        "pk": 10,
        "fields": {
            "app_label": "notify",
            "model": "notification"
        }
    },
    {
        "model": "contenttypes.contenttype",
        "pk": 11,
        "fields": {
            "app_label": "activity_feed",
            "model": "activity"
        }
    },
    {
        "model": "contenttypes.contenttype",
        "pk": 12,
        "fields": {
            "app_label": "activity_feed",
            "model": "follow"
        }
    },
    {
        "model": "contenttypes.contenttype",
        "pk": 13,
        "fields": {
            "app_label": "entity",
            "model": "award"
        }
    },
    {
        "model": "contenttypes.contenttype",
        "pk": 14,
        "fields": {
            "app_label": "entity",
            "model": "role"
        }
    },
    {
        "model": "contenttypes.contenttype",
        "pk": 15,
        "fields": {
            "app_label": "entity",
            "model": "person"
        }
    },
    {
        "model": "contenttypes.contenttype",
        "pk": 16,
        "fields": {
            "app_label": "entity",
            "model": "awardrecipient"
        }
    },
    {
        "model": "contenttypes.contenttype",
        "pk": 17,
        "fields": {
            "app_label": "write",
            "model": "tag"
        }
    },
    {
        "model": "contenttypes.contenttype",
        "pk": 18,
        "fields": {
            "app_label": "write",
            "model": "say"
        }
    },
    {
        "model": "contenttypes.contenttype",
        "pk": 19,
        "fields": {
            "app_label": "write",
            "model": "repost"
        }
    },
    {
        "model": "contenttypes.contenttype",
        "pk": 20,
        "fields": {
            "app_label": "write",
            "model": "post"
        }
    },
    {
        "model": "contenttypes.contenttype",
        "pk": 21,
        "fields": {
            "app_label": "write",
            "model": "pin"
        }
    },
    {
        "model": "contenttypes.contenttype",
        "pk": 22,
        "fields": {
            "app_label": "write",
            "model": "comment"
        }
    },
    {
        "model": "contenttypes.contenttype",
        "pk": 23,
        "fields": {
            "app_label": "read",
            "model": "book"
        }
    },
    {
        "model": "contenttypes.contenttype",
        "pk": 24,
        "fields": {
            "app_label": "read",
            "model": "work"
        }
    },
    {
        "model": "contenttypes.contenttype",
        "pk": 25,
        "fields": {
            "app_label": "read",
            "model": "workrole"
        }
    },
    {
        "model": "contenttypes.contenttype",
        "pk": 26,
        "fields": {
            "app_label": "read",
            "model": "publisher"
        }
    },
    {
        "model": "contenttypes.contenttype",
        "pk": 27,
        "fields": {
            "app_label": "read",
            "model": "bookworkrole"
        }
    },
    {
        "model": "contenttypes.contenttype",
        "pk": 28,
        "fields": {
            "app_label": "read",
            "model": "bookwork"
        }
    },
    {
        "model": "contenttypes.contenttype",
        "pk": 29,
        "fields": {
            "app_label": "read",
            "model": "bookrole"
        }
    },
    {
        "model": "contenttypes.contenttype",
        "pk": 30,
        "fields": {
            "app_label": "listen",
            "model": "release"
        }
    },
    {
        "model": "contenttypes.contenttype",
        "pk": 31,
        "fields": {
            "app_label": "listen",
            "model": "track"
        }
    },
    {
        "model": "contenttypes.contenttype",
        "pk": 32,
        "fields": {
            "app_label": "listen",
            "model": "trackrole"
        }
    },
    {
        "model": "contenttypes.contenttype",
        "pk": 33,
        "fields": {
            "app_label": "listen",
            "model": "releaserole"
        }
    },
    {
        "model": "contenttypes.contenttype",
        "pk": 34,
        "fields": {
            "app_label": "entity",
            "model": "awardcategory"
        }
    },
    {
        "model": "contenttypes.contenttype",
        "pk": 35,
        "fields": {
            "app_label": "entity",
            "model": "awardinstance"
        }
    },
    {
        "model": "contenttypes.contenttype",
        "pk": 36,
        "fields": {
            "app_label": "read",
            "model": "bookcheckin"
        }
    },
    {
        "model": "sessions.session",
        "pk": "1uikb1aj3hick7cgdw3q2xfnkqtwre8m",
        "fields": {
            "session_data": ".eJxVjMsOwiAURP-FtSEI5eXSvd9ALpeLVA0kpV0Z_92SdKGrycw5mTcLsK0lbJ2WMCd2YZKdfrcI-KQ6QHpAvTeOra7LHPlQ-EE7v7VEr-vh_h0U6GXcJgdZGDuRRDBqLzYJY7KGs7YOKWsVbc6gCJ13Zg-PMIHWwguJUrPPF_h3OEE:1qCK0b:2SCSZ_tZn6AvyVmMFyjGjg8U2dBMnKVKVNjTLf7obew",
            "expire_date": "2023-07-06T13:05:57.469Z"
        }
    },
    {
        "model": "sessions.session",
        "pk": "792f6y8ysfm2z7uhm2exa2599dsvw8ir",
        "fields": {
            "session_data": ".eJxVjEEOwiAQRe_C2hAYYECX7nsGMgNEqgaS0q6Md9cmXej2v_f-S0Ta1hq3UZY4Z3ERWpx-N6b0KG0H-U7t1mXqbV1mlrsiDzrk1HN5Xg_376DSqN_aFK8zOQKnPQIrMFB8Msje2gBsNDpVPOCZLeWEzltkyASgMAQEJ94fuN42cw:1qBfcC:Tc5RjpNZ6NjzropkFYp_QZeAUP-oafm8ZfPbQ38sN14",
            "expire_date": "2023-07-04T17:58:04.082Z"
        }
    },
    {
        "model": "sessions.session",
        "pk": "7pryk4ks032yx0tp3hhfltrtvt5hkq5d",
        "fields": {
            "session_data": ".eJxVjEEOwiAQRe_C2hAYYECX7nsGMgNEqgaS0q6Md9cmXej2v_f-S0Ta1hq3UZY4Z3ERWpx-N6b0KG0H-U7t1mXqbV1mlrsiDzrk1HN5Xg_376DSqN_aFK8zOQKnPQIrMFB8Msje2gBsNDpVPOCZLeWEzltkyASgMAQEJ94fuN42cw:1qCJOU:bbVLJ8Bk-9uHMZA-lNi3Ky2NjQbH0O9EcC0YykbDZSU",
            "expire_date": "2023-07-06T12:26:34.478Z"
        }
    },
    {
        "model": "notify.notification",
        "pk": 1,
        "fields": {
            "recipient": 1,
            "sender_content_type": 1,
            "sender_object_id": 2,
            "notification_type": "follow",
            "message": "<a href=\"/u/tsuru/\">@tsuru</a> followed you.",
            "timestamp": "2023-06-22T13:05:53.677Z",
            "read": true
        }
    },
    {
        "model": "notify.notification",
        "pk": 2,
        "fields": {
            "recipient": 2,
            "sender_content_type": 1,
            "sender_object_id": 1,
            "notification_type": "follow",
            "message": "<a href=\"/u/jyutgeisi/\">@jyutgeisi</a> followed you.",
            "timestamp": "2023-06-22T13:05:53.680Z",
            "read": true
        }
    },
    {
        "model": "notify.notification",
        "pk": 3,
        "fields": {
            "recipient": 2,
            "sender_content_type": 1,
            "sender_object_id": 1,
            "notification_type": "mention",
            "message": "<a href=\"/u/jyutgeisi/\">@jyutgeisi</a> mentioned you in a <a href=\"/read/checkin/49/\">Bookcheckin</a>.",
            "timestamp": "2023-06-22T13:06:38.402Z",
            "read": false
        }
    },
    {
        "model": "activity_feed.activity",
        "pk": 28,
        "fields": {
            "user": 1,
            "activity_type": "check-in",
            "timestamp": "2023-06-22T07:21:53.935Z",
            "content_type": 36,
            "object_id": 39
        }
    },
    {
        "model": "activity_feed.activity",
        "pk": 29,
        "fields": {
            "user": 1,
            "activity_type": "check-in",
            "timestamp": "2023-06-22T07:22:05.232Z",
            "content_type": 36,
            "object_id": 40
        }
    },
    {
        "model": "activity_feed.activity",
        "pk": 30,
        "fields": {
            "user": 1,
            "activity_type": "check-in",
            "timestamp": "2023-06-22T07:22:12.833Z",
            "content_type": 36,
            "object_id": 41
        }
    },
    {
        "model": "activity_feed.activity",
        "pk": 31,
        "fields": {
            "user": 1,
            "activity_type": "check-in",
            "timestamp": "2023-06-22T07:22:24.716Z",
            "content_type": 36,
            "object_id": 42
        }
    },
    {
        "model": "activity_feed.activity",
        "pk": 32,
        "fields": {
            "user": 1,
            "activity_type": "check-in",
            "timestamp": "2023-06-22T07:22:38.050Z",
            "content_type": 36,
            "object_id": 43
        }
    },
    {
        "model": "activity_feed.activity",
        "pk": 33,
        "fields": {
            "user": 1,
            "activity_type": "check-in",
            "timestamp": "2023-06-22T07:22:49.607Z",
            "content_type": 36,
            "object_id": 44
        }
    },
    {
        "model": "activity_feed.activity",
        "pk": 35,
        "fields": {
            "user": 1,
            "activity_type": "post",
            "timestamp": "2023-06-22T12:26:54.409Z",
            "content_type": 20,
            "object_id": 2
        }
    },
    {
        "model": "activity_feed.activity",
        "pk": 37,
        "fields": {
            "user": 2,
            "activity_type": "follow",
            "timestamp": "2023-06-22T13:05:53.676Z",
            "content_type": 12,
            "object_id": 1
        }
    },
    {
        "model": "activity_feed.activity",
        "pk": 38,
        "fields": {
            "user": 1,
            "activity_type": "follow",
            "timestamp": "2023-06-22T13:05:53.680Z",
            "content_type": 12,
            "object_id": 2
        }
    },
    {
        "model": "activity_feed.follow",
        "pk": 1,
        "fields": {
            "follower": 2,
            "followed": 1,
            "timestamp": "2023-06-22T13:05:53.675Z"
        }
    },
    {
        "model": "activity_feed.follow",
        "pk": 2,
        "fields": {
            "follower": 1,
            "followed": 2,
            "timestamp": "2023-06-22T13:05:53.679Z"
        }
    },
    {
        "model": "entity.person",
        "pk": 1,
        "fields": {
            "name": "村上春樹",
            "romanized_name": "Haruki Murakami",
            "created_at": "2023-06-20T17:58:57.329Z",
            "updated_at": "2023-06-20T17:58:57.329Z",
            "created_by": 1,
            "updated_by": 1,
            "birth_date": null,
            "death_date": null,
            "birth_place": null,
            "death_place": null,
            "wikipedia": null,
            "website": null
        }
    },
    {
        "model": "entity.person",
        "pk": 2,
        "fields": {
            "name": "Ted Goosen",
            "romanized_name": null,
            "created_at": "2023-06-20T19:40:30.403Z",
            "updated_at": "2023-06-20T19:40:30.403Z",
            "created_by": 1,
            "updated_by": 1,
            "birth_date": null,
            "death_date": null,
            "birth_place": null,
            "death_place": null,
            "wikipedia": null,
            "website": null
        }
    },
    {
        "model": "entity.person",
        "pk": 3,
        "fields": {
            "name": "Philip Gabriel",
            "romanized_name": null,
            "created_at": "2023-06-20T19:41:14.743Z",
            "updated_at": "2023-06-20T19:41:14.743Z",
            "created_by": 1,
            "updated_by": 1,
            "birth_date": null,
            "death_date": null,
            "birth_place": null,
            "death_place": null,
            "wikipedia": null,
            "website": null
        }
    },
    {
        "model": "entity.person",
        "pk": 4,
        "fields": {
            "name": "Jay Rubin",
            "romanized_name": null,
            "created_at": "2023-06-21T09:44:31.349Z",
            "updated_at": "2023-06-21T09:44:31.349Z",
            "created_by": 1,
            "updated_by": 1,
            "birth_date": null,
            "death_date": null,
            "birth_place": null,
            "death_place": null,
            "wikipedia": null,
            "website": null
        }
    },
    {
        "model": "entity.person",
        "pk": 5,
        "fields": {
            "name": "Alain de Botton",
            "romanized_name": null,
            "created_at": "2023-06-21T11:19:50.677Z",
            "updated_at": "2023-06-21T11:19:50.677Z",
            "created_by": 1,
            "updated_by": 1,
            "birth_date": null,
            "death_date": null,
            "birth_place": null,
            "death_place": null,
            "wikipedia": null,
            "website": null
        }
    },
    {
        "model": "entity.person",
        "pk": 6,
        "fields": {
            "name": "John Armstrong",
            "romanized_name": null,
            "created_at": "2023-06-21T11:20:24.630Z",
            "updated_at": "2023-06-21T11:20:24.630Z",
            "created_by": 1,
            "updated_by": 1,
            "birth_date": null,
            "death_date": null,
            "birth_place": null,
            "death_place": null,
            "wikipedia": null,
            "website": null
        }
    },
    {
        "model": "entity.role",
        "pk": 1,
        "fields": {
            "name": "Author",
            "domain": "read"
        }
    },
    {
        "model": "entity.role",
        "pk": 2,
        "fields": {
            "name": "Translator",
            "domain": "read"
        }
    },
    {
        "model": "write.tag",
        "pk": 1,
        "fields": {
            "name": "see"
        }
    },
    {
        "model": "write.tag",
        "pk": 2,
        "fields": {
            "name": "jyutgeisi"
        }
    },
    {
        "model": "write.tag",
        "pk": 3,
        "fields": {
            "name": "LʌvDB"
        }
    },
    {
        "model": "write.comment",
        "pk": 5,
        "fields": {
            "content": "test",
            "author": 1,
            "timestamp": "2023-06-21T18:10:09.673Z",
            "content_type": 20,
            "object_id": 1,
            "tags": []
        }
    },
    {
        "model": "write.comment",
        "pk": 6,
        "fields": {
            "content": "> jyutgeisi (2023.06.21 20:10)\r\n> test\r\n\r\n@jyutgeisi test",
            "author": 1,
            "timestamp": "2023-06-21T18:10:13.673Z",
            "content_type": 20,
            "object_id": 1,
            "tags": []
        }
    },
    {
        "model": "write.post",
        "pk": 1,
        "fields": {
            "title": "Test",
            "content": "Test",
            "author": 1,
            "timestamp": "2023-06-21T18:10:07.096Z",
            "comments_enabled": true,
            "tags": []
        }
    },
    {
        "model": "write.post",
        "pk": 2,
        "fields": {
            "title": "Citation and Redaction",
            "content": "Now you can add citation to any kind of `write` like this: `[citation](/c)` or `[citation](/citation)`. It can be used anywhere[^1]. Just add it below a paragraph (but no line break between the paragraph and the citation):\r\n[this is a citation I put to this paragraph](/c)\r\n\r\n```\r\nsometext\r\n[citation](/c)\r\n```\r\n\r\n[^1]: but the effect will not apply to the feed and comment\r\n\r\nBut the best practice is putting the citation within a block quote (`>`), like this:\r\n\r\n```\r\n> this is a block quote\r\n> [citation needed](/c)\r\n```\r\n\r\nand it will look like this:\r\n\r\n> this is a block quote\r\n> [citation needed](/c)\r\n\r\nAlong with citation, I also added redaction, in another word, hiding text for spoiler ( `[text](/s)` or `[text](/spoiler)`):\r\n\r\n```\r\n[text](/s)\r\n```\r\n\r\nIt will look like this and you can click it to reveal it:\r\n\r\n[spoiler alert!](/s)\r\n\r\n#LʌvDB",
            "author": 1,
            "timestamp": "2023-06-22T12:26:54.406Z",
            "comments_enabled": true,
            "tags": [
                3
            ]
        }
    },
    {
        "model": "read.work",
        "pk": 1,
        "fields": {
            "title": "1Q84",
            "subtitle": null,
            "publication_date": "2009",
            "language": null,
            "work_type": "Novel",
            "created_at": "2023-06-20T18:01:39.857Z",
            "updated_at": "2023-06-20T21:13:52.462Z",
            "created_by": 1,
            "updated_by": 1
        }
    },
    {
        "model": "read.work",
        "pk": 2,
        "fields": {
            "title": "ドライブ．マイ．カー",
            "subtitle": null,
            "publication_date": "2013.12",
            "language": "日本語",
            "work_type": "Short Story",
            "created_at": "2023-06-20T19:09:53.940Z",
            "updated_at": "2023-06-20T20:35:49.979Z",
            "created_by": 1,
            "updated_by": 1
        }
    },
    {
        "model": "read.work",
        "pk": 3,
        "fields": {
            "title": "木野",
            "subtitle": null,
            "publication_date": "2014.02",
            "language": "日本語",
            "work_type": "Short Story",
            "created_at": "2023-06-20T19:10:16.808Z",
            "updated_at": "2023-06-20T20:36:08.936Z",
            "created_by": 1,
            "updated_by": 1
        }
    },
    {
        "model": "read.work",
        "pk": 4,
        "fields": {
            "title": "イエスタディ",
            "subtitle": null,
            "publication_date": "2014.01",
            "language": "日本語",
            "work_type": "Short Story",
            "created_at": "2023-06-20T20:36:48.062Z",
            "updated_at": "2023-06-20T20:36:48.071Z",
            "created_by": 1,
            "updated_by": 1
        }
    },
    {
        "model": "read.work",
        "pk": 5,
        "fields": {
            "title": "独立器官",
            "subtitle": null,
            "publication_date": "2014.03",
            "language": "日本語",
            "work_type": "Short Story",
            "created_at": "2023-06-20T20:38:31.606Z",
            "updated_at": "2023-06-20T20:38:56.371Z",
            "created_by": 1,
            "updated_by": 1
        }
    },
    {
        "model": "read.work",
        "pk": 6,
        "fields": {
            "title": "シェエラザード",
            "subtitle": null,
            "publication_date": "2014.02.15",
            "language": "日本語",
            "work_type": "Short Story",
            "created_at": "2023-06-20T20:39:43.410Z",
            "updated_at": "2023-06-20T20:39:43.417Z",
            "created_by": 1,
            "updated_by": 1
        }
    },
    {
        "model": "read.work",
        "pk": 7,
        "fields": {
            "title": "恋するザムザ",
            "subtitle": null,
            "publication_date": "2013.09",
            "language": "日本語",
            "work_type": "Short Story",
            "created_at": "2023-06-20T20:40:43.002Z",
            "updated_at": "2023-06-20T20:40:43.010Z",
            "created_by": 1,
            "updated_by": 1
        }
    },
    {
        "model": "read.work",
        "pk": 8,
        "fields": {
            "title": "女のいない男たち",
            "subtitle": null,
            "publication_date": "2014.04.18",
            "language": "日本語",
            "work_type": "Short Story",
            "created_at": "2023-06-20T20:41:26.816Z",
            "updated_at": "2023-06-20T20:41:26.821Z",
            "created_by": 1,
            "updated_by": 1
        }
    },
    {
        "model": "read.work",
        "pk": 9,
        "fields": {
            "title": "Art as Therapy",
            "subtitle": null,
            "publication_date": "2013.10.14",
            "language": "English",
            "work_type": "Nonfiction",
            "created_at": "2023-06-21T11:28:16.214Z",
            "updated_at": "2023-06-21T11:28:16.227Z",
            "created_by": 1,
            "updated_by": 1
        }
    },
    {
        "model": "read.workrole",
        "pk": 1,
        "fields": {
            "work": 1,
            "person": 1,
            "role": 1
        }
    },
    {
        "model": "read.workrole",
        "pk": 2,
        "fields": {
            "work": 2,
            "person": 1,
            "role": 1
        }
    },
    {
        "model": "read.workrole",
        "pk": 3,
        "fields": {
            "work": 3,
            "person": 1,
            "role": 1
        }
    },
    {
        "model": "read.workrole",
        "pk": 4,
        "fields": {
            "work": 4,
            "person": 1,
            "role": 1
        }
    },
    {
        "model": "read.workrole",
        "pk": 5,
        "fields": {
            "work": 5,
            "person": 1,
            "role": 1
        }
    },
    {
        "model": "read.workrole",
        "pk": 6,
        "fields": {
            "work": 6,
            "person": 1,
            "role": 1
        }
    },
    {
        "model": "read.workrole",
        "pk": 7,
        "fields": {
            "work": 7,
            "person": 1,
            "role": 1
        }
    },
    {
        "model": "read.workrole",
        "pk": 8,
        "fields": {
            "work": 8,
            "person": 1,
            "role": 1
        }
    },
    {
        "model": "read.workrole",
        "pk": 9,
        "fields": {
            "work": 9,
            "person": 5,
            "role": 1
        }
    },
    {
        "model": "read.workrole",
        "pk": 10,
        "fields": {
            "work": 9,
            "person": 6,
            "role": 1
        }
    },
    {
        "model": "read.book",
        "pk": 2,
        "fields": {
            "title": "女のいない男たち",
            "subtitle": null,
            "cover": "covers/女のいない男たち-2014.04.18/e26e8b7c-975c-48d7-b49d-6cec070ef675.jpg",
            "cover_sens": false,
            "publisher": null,
            "language": "日本語",
            "details": "",
            "publication_date": "2014.04.18",
            "book_format": null,
            "pages": null,
            "price": null,
            "isbn_10": null,
            "isbn_13": "9784163900742",
            "asin": null,
            "book_type": "SB",
            "created_at": "2023-06-21T14:13:25.635Z",
            "updated_at": "2023-06-21T15:45:44.714Z",
            "created_by": 1,
            "updated_by": 1
        }
    },
    {
        "model": "read.book",
        "pk": 3,
        "fields": {
            "title": "Men without Women",
            "subtitle": null,
            "cover": "covers/men-without-women-2017.05.09/8325cf2f-a926-455c-b9f2-54c3814918e0.jpg",
            "cover_sens": false,
            "publisher": null,
            "language": "English",
            "details": "",
            "publication_date": "2017.05.09",
            "book_format": null,
            "pages": null,
            "price": null,
            "isbn_10": null,
            "isbn_13": "9780451494627",
            "asin": null,
            "book_type": "SS",
            "created_at": "2023-06-21T14:13:25.624Z",
            "updated_at": "2023-06-21T15:15:15.957Z",
            "created_by": 1,
            "updated_by": 1
        }
    },
    {
        "model": "read.book",
        "pk": 4,
        "fields": {
            "title": "Art as Therapy",
            "subtitle": null,
            "cover": "covers/art-as-therapy-2013.10.14/a1f04b5e-64cb-492f-806f-5dd5688b7a9e.jpg",
            "cover_sens": false,
            "publisher": null,
            "language": "English",
            "details": "",
            "publication_date": "2013.10.14",
            "book_format": null,
            "pages": null,
            "price": null,
            "isbn_10": null,
            "isbn_13": "9780714865911",
            "asin": null,
            "book_type": "SB",
            "created_at": "2023-06-21T14:13:25.614Z",
            "updated_at": "2023-06-22T09:20:51.584Z",
            "created_by": 1,
            "updated_by": 1
        }
    },
    {
        "model": "read.book",
        "pk": 5,
        "fields": {
            "title": "1Q84",
            "subtitle": "A Novel",
            "cover": "covers/1q84-None/cc5fbc2d-0787-4b90-b3d4-d0ae9a736e7b.jpg",
            "cover_sens": false,
            "publisher": null,
            "language": "English",
            "details": "",
            "publication_date": "2011",
            "book_format": null,
            "pages": null,
            "price": null,
            "isbn_10": null,
            "isbn_13": null,
            "asin": null,
            "book_type": "SB",
            "created_at": "2023-06-21T14:13:17.629Z",
            "updated_at": "2023-06-22T15:57:08.876Z",
            "created_by": 1,
            "updated_by": 1
        }
    },
    {
        "model": "read.bookrole",
        "pk": 17,
        "fields": {
            "book": 3,
            "person": 1,
            "role": 1,
            "alt_name": "Haruki Murakami"
        }
    },
    {
        "model": "read.bookrole",
        "pk": 18,
        "fields": {
            "book": 2,
            "person": 1,
            "role": 1,
            "alt_name": null
        }
    },
    {
        "model": "read.bookrole",
        "pk": 19,
        "fields": {
            "book": 5,
            "person": 1,
            "role": 1,
            "alt_name": "Haruki Murakami"
        }
    },
    {
        "model": "read.bookrole",
        "pk": 20,
        "fields": {
            "book": 5,
            "person": 4,
            "role": 2,
            "alt_name": null
        }
    },
    {
        "model": "read.bookrole",
        "pk": 21,
        "fields": {
            "book": 4,
            "person": 5,
            "role": 1,
            "alt_name": null
        }
    },
    {
        "model": "read.bookrole",
        "pk": 22,
        "fields": {
            "book": 4,
            "person": 6,
            "role": 1,
            "alt_name": null
        }
    },
    {
        "model": "read.bookworkrole",
        "pk": 33,
        "fields": {
            "book": 3,
            "work": 2,
            "person": 2,
            "role": 2,
            "publication_date": null,
            "alt_name": null,
            "alt_title": "Drive My Car",
            "order": 1
        }
    },
    {
        "model": "read.bookworkrole",
        "pk": 34,
        "fields": {
            "book": 3,
            "work": 3,
            "person": 3,
            "role": 2,
            "publication_date": null,
            "alt_name": null,
            "alt_title": "Kino",
            "order": 5
        }
    },
    {
        "model": "read.bookworkrole",
        "pk": 35,
        "fields": {
            "book": 2,
            "work": 2,
            "person": null,
            "role": null,
            "publication_date": null,
            "alt_name": null,
            "alt_title": null,
            "order": 1
        }
    },
    {
        "model": "read.bookworkrole",
        "pk": 36,
        "fields": {
            "book": 2,
            "work": 3,
            "person": null,
            "role": null,
            "publication_date": null,
            "alt_name": null,
            "alt_title": null,
            "order": 5
        }
    },
    {
        "model": "read.bookworkrole",
        "pk": 37,
        "fields": {
            "book": 5,
            "work": 1,
            "person": null,
            "role": null,
            "publication_date": null,
            "alt_name": null,
            "alt_title": null,
            "order": 1
        }
    },
    {
        "model": "read.bookworkrole",
        "pk": 38,
        "fields": {
            "book": 4,
            "work": 9,
            "person": null,
            "role": null,
            "publication_date": null,
            "alt_name": null,
            "alt_title": null,
            "order": 1
        }
    },
    {
        "model": "read.bookcheckin",
        "pk": 39,
        "fields": {
            "book": 3,
            "author": 1,
            "status": "to_read",
            "share_to_feed": true,
            "content": "test `to read` button.",
            "timestamp": "2023-06-22T07:21:53.933Z",
            "progress": null,
            "progress_type": "PG",
            "comments_enabled": false,
            "tags": []
        }
    },
    {
        "model": "read.bookcheckin",
        "pk": 40,
        "fields": {
            "book": 3,
            "author": 1,
            "status": "currently_reading",
            "share_to_feed": true,
            "content": "Test `Reading` button.",
            "timestamp": "2023-06-22T07:22:05.229Z",
            "progress": null,
            "progress_type": "PG",
            "comments_enabled": false,
            "tags": []
        }
    },
    {
        "model": "read.bookcheckin",
        "pk": 41,
        "fields": {
            "book": 3,
            "author": 1,
            "status": "finished_reading",
            "share_to_feed": true,
            "content": "Test `Read` button.",
            "timestamp": "2023-06-22T07:22:12.831Z",
            "progress": null,
            "progress_type": "PG",
            "comments_enabled": false,
            "tags": []
        }
    },
    {
        "model": "read.bookcheckin",
        "pk": 42,
        "fields": {
            "book": 3,
            "author": 1,
            "status": "paused",
            "share_to_feed": true,
            "content": "Test `Paused` button.",
            "timestamp": "2023-06-22T07:22:24.715Z",
            "progress": null,
            "progress_type": "PG",
            "comments_enabled": false,
            "tags": []
        }
    },
    {
        "model": "read.bookcheckin",
        "pk": 43,
        "fields": {
            "book": 3,
            "author": 1,
            "status": "abandoned",
            "share_to_feed": true,
            "content": "Test `Abandoned` button.",
            "timestamp": "2023-06-22T07:22:38.044Z",
            "progress": null,
            "progress_type": "PG",
            "comments_enabled": false,
            "tags": []
        }
    },
    {
        "model": "read.bookcheckin",
        "pk": 44,
        "fields": {
            "book": 3,
            "author": 1,
            "status": "rereading",
            "share_to_feed": true,
            "content": "Test `Rereading` button.",
            "timestamp": "2023-06-22T07:22:49.605Z",
            "progress": null,
            "progress_type": "PG",
            "comments_enabled": false,
            "tags": []
        }
    },
    {
        "model": "read.bookcheckin",
        "pk": 45,
        "fields": {
            "book": 3,
            "author": 1,
            "status": "finished_rereading",
            "share_to_feed": true,
            "content": "test `finish rereading` button!",
            "timestamp": "2023-06-22T07:24:34.847Z",
            "progress": null,
            "progress_type": "PG",
            "comments_enabled": true,
            "tags": []
        }
    },
    {
        "model": "read.bookcheckin",
        "pk": 46,
        "fields": {
            "book": 3,
            "author": 1,
            "status": "rereading",
            "share_to_feed": false,
            "content": "",
            "timestamp": "2023-06-22T08:01:24.796Z",
            "progress": null,
            "progress_type": "PG",
            "comments_enabled": false,
            "tags": []
        }
    },
    {
        "model": "read.bookcheckin",
        "pk": 47,
        "fields": {
            "book": 3,
            "author": 1,
            "status": "finished_rereading",
            "share_to_feed": false,
            "content": "",
            "timestamp": "2023-06-22T08:04:19.068Z",
            "progress": null,
            "progress_type": "PG",
            "comments_enabled": false,
            "tags": []
        }
    },
    {
        "model": "read.bookcheckin",
        "pk": 50,
        "fields": {
            "book": 5,
            "author": 2,
            "status": "finished_reading",
            "share_to_feed": false,
            "content": "I read it many years ago and I still think about it from time to time.",
            "timestamp": "2023-06-22T13:23:15.755Z",
            "progress": null,
            "progress_type": "PG",
            "comments_enabled": true,
            "tags": []
        }
    },
    {
        "model": "read.bookcheckin",
        "pk": 51,
        "fields": {
            "book": 5,
            "author": 1,
            "status": "rereading",
            "share_to_feed": false,
            "content": "@jyutgeisi just brought all the good memory of reading this book back to my mind, now I am start rereading it!",
            "timestamp": "2023-06-22T13:33:01.421Z",
            "progress": null,
            "progress_type": "PG",
            "comments_enabled": true,
            "tags": []
        }
    },
    {
        "model": "read.bookcheckin",
        "pk": 52,
        "fields": {
            "book": 5,
            "author": 1,
            "status": "to_read",
            "share_to_feed": false,
            "content": "",
            "timestamp": "2023-06-22T13:59:57.737Z",
            "progress": null,
            "progress_type": "PG",
            "comments_enabled": true,
            "tags": []
        }
    },
    {
        "model": "read.bookcheckin",
        "pk": 53,
        "fields": {
            "book": 5,
            "author": 1,
            "status": "currently_reading",
            "share_to_feed": false,
            "content": "",
            "timestamp": "2023-06-22T14:00:01.618Z",
            "progress": null,
            "progress_type": "PG",
            "comments_enabled": true,
            "tags": []
        }
    },
    {
        "model": "read.bookcheckin",
        "pk": 54,
        "fields": {
            "book": 5,
            "author": 1,
            "status": "finished_reading",
            "share_to_feed": false,
            "content": "",
            "timestamp": "2023-06-22T14:00:04.587Z",
            "progress": null,
            "progress_type": "PG",
            "comments_enabled": true,
            "tags": []
        }
    },
    {
        "model": "read.bookcheckin",
        "pk": 55,
        "fields": {
            "book": 5,
            "author": 1,
            "status": "paused",
            "share_to_feed": false,
            "content": "",
            "timestamp": "2023-06-22T14:00:07.634Z",
            "progress": null,
            "progress_type": "PG",
            "comments_enabled": true,
            "tags": []
        }
    },
    {
        "model": "read.bookcheckin",
        "pk": 56,
        "fields": {
            "book": 5,
            "author": 1,
            "status": "abandoned",
            "share_to_feed": false,
            "content": "",
            "timestamp": "2023-06-22T14:00:10.853Z",
            "progress": null,
            "progress_type": "PG",
            "comments_enabled": true,
            "tags": []
        }
    },
    {
        "model": "read.bookcheckin",
        "pk": 57,
        "fields": {
            "book": 5,
            "author": 1,
            "status": "rereading",
            "share_to_feed": false,
            "content": "",
            "timestamp": "2023-06-22T14:00:14.352Z",
            "progress": null,
            "progress_type": "PG",
            "comments_enabled": true,
            "tags": []
        }
    },
    {
        "model": "read.bookcheckin",
        "pk": 58,
        "fields": {
            "book": 5,
            "author": 1,
            "status": "finished_rereading",
            "share_to_feed": false,
            "content": "",
            "timestamp": "2023-06-22T14:00:17.786Z",
            "progress": null,
            "progress_type": "PG",
            "comments_enabled": true,
            "tags": []
        }
    },
    {
        "model": "read.bookcheckin",
        "pk": 59,
        "fields": {
            "book": 5,
            "author": 1,
            "status": "to_read",
            "share_to_feed": false,
            "content": "",
            "timestamp": "2023-06-22T14:00:22.205Z",
            "progress": null,
            "progress_type": "PG",
            "comments_enabled": true,
            "tags": []
        }
    },
    {
        "model": "read.bookcheckin",
        "pk": 60,
        "fields": {
            "book": 3,
            "author": 1,
            "status": "currently_reading",
            "share_to_feed": false,
            "content": "",
            "timestamp": "2023-06-22T14:11:48.787Z",
            "progress": 100,
            "progress_type": "PG",
            "comments_enabled": true,
            "tags": []
        }
    },
    {
        "model": "read.bookcheckin",
        "pk": 61,
        "fields": {
            "book": 3,
            "author": 1,
            "status": "to_read",
            "share_to_feed": false,
            "content": "",
            "timestamp": "2023-06-22T14:12:48.272Z",
            "progress": 10,
            "progress_type": "PC",
            "comments_enabled": true,
            "tags": []
        }
    },
    {
        "model": "read.bookcheckin",
        "pk": 62,
        "fields": {
            "book": 3,
            "author": 1,
            "status": "currently_reading",
            "share_to_feed": false,
            "content": "",
            "timestamp": "2023-06-22T14:13:13.810Z",
            "progress": 15,
            "progress_type": "PC",
            "comments_enabled": true,
            "tags": []
        }
    }
]